*Airport,Link_Id,Node1_Id,Node1_Longitude,Node1_Latitude,Node1_Altitude,Node1_Type,Node2_Id,Node2_Longitude,Node2_Latitude,Node2_Altitude,Node2_Type,Link_Type
RKPC,RKPC-25=TX42,RKPC-25,126.4975890223668,33.51484896273685,0,Runway,RKPC-TX42,126.4985254758227,33.51335625066661,0,Taxiway,Taxiway
RKPC,RKPC-25=RWY1,RKPC-25,126.4975890223668,33.51484896273685,0,Runway,RKPC-RWY1,126.4963927712756,33.51420834355449,0,Runway,Runway
RKPC,RKPC-RWY1=RWY2,RKPC-RWY1,126.4963927712756,33.51420834355449,0,Runway,RKPC-RWY2,126.4941498238018,33.51308492636926,0,Runway,Runway
RKPC,RKPC-RWY1=TX43,RKPC-RWY1,126.4963927712756,33.51420834355449,0,Runway,RKPC-TX43,126.4971226241434,33.51356296190049,0,Taxiway,Taxiway
RKPC,RKPC-RWY2=TX39,RKPC-RWY2,126.4941498238018,33.51308492636926,0,Runway,RKPC-TX39,126.495771586978,33.51193185652798,0,Taxiway,Taxiway
RKPC,RKPC-RWY2=RWY3,RKPC-RWY2,126.4941498238018,33.51308492636926,0,Runway,RKPC-RWY3,126.4926865624265,33.51230271296367,0,Runway,Runway
RKPC,RKPC-RWY3=RWY13,RKPC-RWY3,126.4926865624265,33.51230271296367,0,Runway,RKPC-RWY13,126.4943713384918,33.51126660323386,0,Runway,Runway
RKPC,RKPC-RWY3=RWY4,RKPC-RWY3,126.4926865624265,33.51230271296367,0,Runway,RKPC-RWY4,126.4875589536131,33.50975428306673,0,Runway,Runway
RKPC,RKPC-RWY3=13,RKPC-RWY3,126.4926865624265,33.51230271296367,0,Runway,RKPC-13,126.4878577318616,33.51519576295382,0,Runway,Runway
RKPC,RKPC-RWY4=TX35,RKPC-RWY4,126.4875589536131,33.50975428306673,0,Runway,RKPC-TX35,126.4910606397363,33.51023351233777,0,Taxiway,Taxiway
RKPC,RKPC-RWY4=RWY5,RKPC-RWY4,126.4875589536131,33.50975428306673,0,Runway,RKPC-RWY5,126.485011246094,33.50835367915723,0,Runway,Runway
RKPC,RKPC-RWY5=RWY6,RKPC-RWY5,126.485011246094,33.50835367915723,0,Runway,RKPC-RWY6,126.4830951568304,33.50736373249933,0,Runway,Runway
RKPC,RKPC-RWY5=TX27,RKPC-RWY5,126.485011246094,33.50835367915723,0,Runway,RKPC-TX27,126.4882946049147,33.50882896184709,0,Taxiway,Taxiway
RKPC,RKPC-RWY6=TX22,RKPC-RWY6,126.4830951568304,33.50736373249933,0,Runway,RKPC-TX22,126.4856169594846,33.50762988281966,0,Taxiway,Taxiway
RKPC,RKPC-RWY6=TX15,RKPC-RWY6,126.4830951568304,33.50736373249933,0,Runway,RKPC-TX15,126.4816097403718,33.50549888185176,0,Taxiway,Taxiway
RKPC,RKPC-RWY6=RWY7,RKPC-RWY6,126.4830951568304,33.50736373249933,0,Runway,RKPC-RWY7,126.4808833769896,33.50623012956757,0,Runway,Runway
RKPC,RKPC-RWY7=RWY8,RKPC-RWY7,126.4808833769896,33.50623012956757,0,Runway,RKPC-RWY8,126.4771543393314,33.50430955047612,0,Runway,Runway
RKPC,RKPC-RWY7=TX12,RKPC-RWY7,126.4808833769896,33.50623012956757,0,Runway,RKPC-TX12,126.4792525408777,33.50430275441722,0,Taxiway,Taxiway
RKPC,RKPC-RWY8=TX10,RKPC-RWY8,126.4771543393314,33.50430955047612,0,Runway,RKPC-TX10,126.4779138635489,33.50330773581808,0,Taxiway,Taxiway
RKPC,RKPC-RWY8=TX7,RKPC-RWY8,126.4771543393314,33.50430955047612,0,Runway,RKPC-TX7,126.4749763458231,33.50222544832068,0,Taxiway,Taxiway
RKPC,RKPC-RWY8=RWY9,RKPC-RWY8,126.4771543393314,33.50430955047612,0,Runway,RKPC-RWY9,126.4723199473136,33.50184701120689,0,Runway,Runway
RKPC,RKPC-RWY9=TX5,RKPC-RWY9,126.4723199473136,33.50184701120689,0,Runway,RKPC-TX5,126.4728471079443,33.50019470455091,0,Taxiway,Taxiway
RKPC,RKPC-RWY9=RWY10,RKPC-RWY9,126.4723199473136,33.50184701120689,0,Runway,RKPC-RWY10,126.4701015057034,33.5007548634596,0,Runway,Runway
RKPC,RKPC-RWY10=07,RKPC-RWY10,126.4701015057034,33.5007548634596,0,Runway,RKPC-07,126.4686122243858,33.50000031270943,0,Runway,Runway
RKPC,RKPC-RWY10=TX2,RKPC-RWY10,126.4701015057034,33.5007548634596,0,Runway,RKPC-TX2,126.4699485707538,33.49969592778787,0,Taxiway,Taxiway
RKPC,RKPC-07=TX1,RKPC-07,126.4686122243858,33.50000031270943,0,Runway,RKPC-TX1,126.4690932496764,33.4992882304859,0,Taxiway,Taxiway
RKPC,RKPC-31=TX45,RKPC-31,126.5002282084472,33.50775242295848,0,Runway,RKPC-TX45,126.5036380016276,33.50572774820889,0,Taxiway,Taxiway
RKPC,RKPC-31=RWY11,RKPC-31,126.5002282084472,33.50775242295848,0,Runway,RKPC-RWY11,126.4969178551293,33.50974641569564,0,Runway,Runway
RKPC,RKPC-RWY11=RWY12,RKPC-RWY11,126.4969178551293,33.50974641569564,0,Runway,RKPC-RWY12,126.4959155262568,33.51036273482769,0,Runway,Runway
RKPC,RKPC-RWY11=RP37,RKPC-RWY11,126.4969178551293,33.50974641569564,0,Runway,RKPC-RP37,126.4964406466234,33.50927738041069,0,Ramp,Taxiway
RKPC,RKPC-RWY12=TX38,RKPC-RWY12,126.4959155262568,33.51036273482769,0,Runway,RKPC-TX38,126.4963869643793,33.51107748067146,0,Taxiway,Taxiway
RKPC,RKPC-RWY12=RWY14,RKPC-RWY12,126.4959155262568,33.51036273482769,0,Runway,RKPC-RWY14,126.4954239782953,33.51065730218503,0,Runway,Runway
RKPC,RKPC-RWY12=RP34,RKPC-RWY12,126.4959155262568,33.51036273482769,0,Runway,RKPC-RP34,126.4954212175411,33.51001438529513,0,Ramp,Taxiway
RKPC,RKPC-RWY13=TX39,RKPC-RWY13,126.4943713384918,33.51126660323386,0,Runway,RKPC-TX39,126.495771586978,33.51193185652798,0,Taxiway,Taxiway
RKPC,RKPC-RWY13=TX37,RKPC-RWY13,126.4943713384918,33.51126660323386,0,Runway,RKPC-TX37,126.4931966892751,33.51063651530566,0,Taxiway,Taxiway
RKPC,RKPC-RWY13=RWY14,RKPC-RWY13,126.4943713384918,33.51126660323386,0,Runway,RKPC-RWY14,126.4954239782953,33.51065730218503,0,Runway,Runway
RKPC,RKPC-RWY14=RP34,RKPC-RWY14,126.4954239782953,33.51065730218503,0,Runway,RKPC-RP34,126.4954212175411,33.51001438529513,0,Ramp,Taxiway
RKPC,RKPC-G1=RP47,RKPC-G1,126.495388491598,33.50783851136008,0,Gate,RKPC-RP47,126.4957159689034,33.50874318324178,0,Ramp,Gate
RKPC,RKPC-G2=RP32,RKPC-G2,126.494895273845,33.50793418477807,0,Gate,RKPC-RP32,126.4948292318145,33.50939133245623,0,Ramp,Gate
RKPC,RKPC-G3=RP27,RKPC-G3,126.4944028,33.50793611,0,Gate,RKPC-RP27,126.4943488062484,33.50922808445501,0,Ramp,Gate
RKPC,RKPC-G6=RP26,RKPC-G6,126.4937667,33.50769722,0,Gate,RKPC-RP26,126.4938366570383,33.50920064364625,0,Ramp,Gate
RKPC,RKPC-G7=RP24,RKPC-G7,126.4930444,33.50763056,0,Gate,RKPC-RP24,126.4931034422466,33.50881344889905,0,Ramp,Gate
RKPC,RKPC-G9=RP22,RKPC-G9,126.4924444,33.50745833,0,Gate,RKPC-RP22,126.4921861282704,33.5083304938296,0,Ramp,Gate
RKPC,RKPC-G10=RP20,RKPC-G10,126.4919583,33.50701111,0,Gate,RKPC-RP20,126.4913291103562,33.50789574871769,0,Ramp,Gate
RKPC,RKPC-G13=RP19,RKPC-G13,126.4913583,33.50658611,0,Gate,RKPC-RP19,126.490694863793,33.50756827723752,0,Ramp,Gate
RKPC,RKPC-G15=RP17,RKPC-G15,126.4906944,33.50624444,0,Gate,RKPC-RP17,126.4900234300592,33.50721581207876,0,Ramp,Gate
RKPC,RKPC-G17=RP16,RKPC-G17,126.4900222,33.50616111,0,Gate,RKPC-RP16,126.4894921240584,33.50695555265656,0,Ramp,Gate
RKPC,RKPC-G18=RP14,RKPC-G18,126.4896306,33.50600278,0,Gate,RKPC-RP14,126.4890907759791,33.50674567447596,0,Ramp,Gate
RKPC,RKPC-G20=RP13,RKPC-G20,126.4892417,33.50553333,0,Gate,RKPC-RP13,126.4885742062833,33.50648385759038,0,Ramp,Gate
RKPC,RKPC-G30=RP10,RKPC-G30,126.4884444,33.50505,0,Gate,RKPC-RP10,126.4877032016448,33.50604900629406,0,Ramp,Gate
RKPC,RKPC-G31=RP8,RKPC-G31,126.4877806,33.50470833,0,Gate,RKPC-RP8,126.4870656040487,33.50571457028707,0,Ramp,Gate
RKPC,RKPC-G32=RP6,RKPC-G32,126.4871167,33.50436667,0,Gate,RKPC-RP6,126.4864041495598,33.50537976964019,0,Ramp,Gate
RKPC,RKPC-G33=RP4,RKPC-G33,126.4861722,33.50436944,0,Gate,RKPC-RP4,126.4856928548075,33.50501374194764,0,Ramp,Gate
RKPC,RKPC-G34=RP3,RKPC-G34,126.48565,33.50410278,0,Gate,RKPC-RP3,126.4852001331328,33.50476061030362,0,Ramp,Gate
RKPC,RKPC-G35=RP2,RKPC-G35,126.4852694,33.50390556,0,Gate,RKPC-RP2,126.4848088183307,33.5045664560719,0,Ramp,Gate
RKPC,RKPC-G36=RP46,RKPC-G36,126.4848889,33.50371111,0,Gate,RKPC-RP46,126.4844262924828,33.50436537405773,0,Ramp,Gate
RKPC,RKPC-G37=RP1,RKPC-G37,126.4845083,33.50351389,0,Gate,RKPC-RP1,126.4841437020652,33.50422830356752,0,Ramp,Gate
RKPC,RKPC-G40=RP25,RKPC-G40,126.4929253006453,33.50971348975363,0,Gate,RKPC-RP25,126.4934951451603,33.50902960594497,0,Ramp,Gate
RKPC,RKPC-G40=TX36,RKPC-G40,126.4929253006453,33.50971348975363,0,Gate,RKPC-TX36,126.492561502157,33.51029007621509,0,Taxiway,Gate
RKPC,RKPC-G51=RP24,RKPC-G51,126.4925194,33.50951667,0,Gate,RKPC-RP24,126.4931034422466,33.50881344889905,0,Ramp,Gate
RKPC,RKPC-G51=TX34,RKPC-G51,126.4925194,33.50951667,0,Gate,RKPC-TX34,126.4921702211735,33.5100856478061,0,Taxiway,Gate
RKPC,RKPC-G52=RP23,RKPC-G52,126.4918833,33.50919167,0,Gate,RKPC-RP23,126.492424061767,33.50848254933712,0,Ramp,Gate
RKPC,RKPC-G52=TX33,RKPC-G52,126.4918833,33.50919167,0,Gate,RKPC-TX33,126.4914769814584,33.50975070694431,0,Taxiway,Gate
RKPC,RKPC-G53=RP21,RKPC-G53,126.4913139,33.5089,0,Gate,RKPC-RP21,126.4918932178578,33.50818389481812,0,Ramp,Gate
RKPC,RKPC-G53=TX32,RKPC-G53,126.4913139,33.5089,0,Gate,RKPC-TX32,126.4909049621155,33.50946151181505,0,Taxiway,Gate
RKPC,RKPC-G54=RP20,RKPC-G54,126.4907472,33.50860833,0,Gate,RKPC-RP20,126.4913291103562,33.50789574871769,0,Ramp,Gate
RKPC,RKPC-G54=TX31,RKPC-G54,126.4907472,33.50860833,0,Gate,RKPC-TX31,126.4903442600556,33.50916621098551,0,Taxiway,Gate
RKPC,RKPC-G55=RP19,RKPC-G55,126.4901694,33.50831389,0,Gate,RKPC-RP19,126.490694863793,33.50756827723752,0,Ramp,Gate
RKPC,RKPC-G55=TX30,RKPC-G55,126.4901694,33.50831389,0,Gate,RKPC-TX30,126.4897917494558,33.50886938958807,0,Taxiway,Gate
RKPC,RKPC-G56=RP18,RKPC-G56,126.4897917,33.50811667,0,Gate,RKPC-RP18,126.4903453171415,33.50740044637918,0,Ramp,Gate
RKPC,RKPC-G56=TX29,RKPC-G56,126.4897917,33.50811667,0,Gate,RKPC-TX29,126.4893792252426,33.50866342515516,0,Taxiway,Gate
RKPC,RKPC-G57=RP17,RKPC-G57,126.4894139,33.50792222,0,Gate,RKPC-RP17,126.4900234300592,33.50721581207876,0,Ramp,Gate
RKPC,RKPC-G57=TX28,RKPC-G57,126.4894139,33.50792222,0,Gate,RKPC-TX28,126.4890081177997,33.50848786874459,0,Taxiway,Gate
RKPC,RKPC-G60=RP12,RKPC-G60,126.4878583,33.50715,0,Gate,RKPC-RP12,126.4884187594446,33.50641614673143,0,Ramp,Gate
RKPC,RKPC-G60=TX24,RKPC-G60,126.4878583,33.50715,0,Gate,RKPC-TX24,126.4874624289114,33.50765619543386,0,Taxiway,Gate
RKPC,RKPC-G61=RP11,RKPC-G61,126.4873333,33.50688056,0,Gate,RKPC-RP11,126.4879025764132,33.50614337212951,0,Ramp,Gate
RKPC,RKPC-G61=TX23,RKPC-G61,126.4873333,33.50688056,0,Gate,RKPC-TX23,126.4869528755301,33.50741416254179,0,Taxiway,Gate
RKPC,RKPC-G62=RP9,RKPC-G62,126.4867778,33.50659444,0,Gate,RKPC-RP9,126.4873441100673,33.50586377767716,0,Ramp,Gate
RKPC,RKPC-G62=TX46,RKPC-G62,126.4867778,33.50659444,0,Gate,RKPC-TX46,126.4863932527388,33.50712254787926,0,Taxiway,Gate
RKPC,RKPC-G63=RP7,RKPC-G63,126.4862056,33.50630278,0,Gate,RKPC-RP7,126.4867864644063,33.50554802910045,0,Ramp,Gate
RKPC,RKPC-G63=TX21,RKPC-G63,126.4862056,33.50630278,0,Gate,RKPC-TX21,126.48580568843,33.50681083760645,0,Taxiway,Gate
RKPC,RKPC-G64=RP3,RKPC-G64,126.4846944,33.50540833,0,Gate,RKPC-RP3,126.4852001331328,33.50476061030362,0,Ramp,Gate
RKPC,RKPC-G64=TX19,RKPC-G64,126.4846944,33.50540833,0,Gate,RKPC-TX19,126.4842516958226,33.50603493745285,0,Taxiway,Gate
RKPC,RKPC-G65=RP2,RKPC-G65,126.4843139,33.50521389,0,Gate,RKPC-RP2,126.4848088183307,33.5045664560719,0,Ramp,Gate
RKPC,RKPC-G65=TX18,RKPC-G65,126.4843139,33.50521389,0,Gate,RKPC-TX18,126.4838630695661,33.50583586091476,0,Taxiway,Gate
RKPC,RKPC-G80=RP45,RKPC-G80,126.5000722,33.50581389,0,Gate,RKPC-RP45,126.5005470777678,33.50638502518115,0,Ramp,Gate
RKPC,RKPC-G81=RP44,RKPC-G81,126.4996556,33.50606667,0,Gate,RKPC-RP44,126.5001368596685,33.50663402184785,0,Ramp,Gate
RKPC,RKPC-G82=RP43,RKPC-G82,126.4992139,33.50632778,0,Gate,RKPC-RP43,126.4996904920848,33.50690817043191,0,Ramp,Gate
RKPC,RKPC-G83=RP42,RKPC-G83,126.4988139,33.50656944,0,Gate,RKPC-RP42,126.4992834888213,33.50714384670737,0,Ramp,Gate
RKPC,RKPC-G84=RP41,RKPC-G84,126.4984111,33.50681944,0,Gate,RKPC-RP41,126.4988457135567,33.50739335368776,0,Ramp,Gate
RKPC,RKPC-G85=RP40,RKPC-G85,126.4967833,33.50753889,0,Gate,RKPC-RP40,126.4974607988558,33.50822367095379,0,Ramp,Gate
RKPC,RKPC-G86=RP39,RKPC-G86,126.4963444,33.507725,0,Gate,RKPC-RP39,126.4970283928706,33.50847692214077,0,Ramp,Gate
RKPC,RKPC-RP1=RP46,RKPC-RP1,126.4841437020652,33.50422830356752,0,Ramp,RKPC-RP46,126.4844262924828,33.50436537405773,0,Ramp,Ramp
RKPC,RKPC-RP1=TX17,RKPC-RP1,126.4841437020652,33.50422830356752,0,Ramp,RKPC-TX17,126.4832755358284,33.50551811187896,0,Taxiway,Ramp
RKPC,RKPC-RP2=RP46,RKPC-RP2,126.4848088183307,33.5045664560719,0,Ramp,RKPC-RP46,126.4844262924828,33.50436537405773,0,Ramp,Ramp
RKPC,RKPC-RP2=RP3,RKPC-RP2,126.4848088183307,33.5045664560719,0,Ramp,RKPC-RP3,126.4852001331328,33.50476061030362,0,Ramp,Ramp
RKPC,RKPC-RP3=RP4,RKPC-RP3,126.4852001331328,33.50476061030362,0,Ramp,RKPC-RP4,126.4856928548075,33.50501374194764,0,Ramp,Ramp
RKPC,RKPC-RP4=RP5,RKPC-RP4,126.4856928548075,33.50501374194764,0,Ramp,RKPC-RP5,126.4859485030332,33.50513288842205,0,Ramp,Ramp
RKPC,RKPC-RP5=RP6,RKPC-RP5,126.4859485030332,33.50513288842205,0,Ramp,RKPC-RP6,126.4864041495598,33.50537976964019,0,Ramp,Ramp
RKPC,RKPC-RP5=TX20,RKPC-RP5,126.4859485030332,33.50513288842205,0,Ramp,RKPC-TX20,126.4849849347304,33.50639749736753,0,Taxiway,Ramp
RKPC,RKPC-RP6=RP7,RKPC-RP6,126.4864041495598,33.50537976964019,0,Ramp,RKPC-RP7,126.4867864644063,33.50554802910045,0,Ramp,Ramp
RKPC,RKPC-RP7=RP8,RKPC-RP7,126.4867864644063,33.50554802910045,0,Ramp,RKPC-RP8,126.4870656040487,33.50571457028707,0,Ramp,Ramp
RKPC,RKPC-RP8=RP9,RKPC-RP8,126.4870656040487,33.50571457028707,0,Ramp,RKPC-RP9,126.4873441100673,33.50586377767716,0,Ramp,Ramp
RKPC,RKPC-RP9=RP10,RKPC-RP9,126.4873441100673,33.50586377767716,0,Ramp,RKPC-RP10,126.4877032016448,33.50604900629406,0,Ramp,Ramp
RKPC,RKPC-RP10=RP11,RKPC-RP10,126.4877032016448,33.50604900629406,0,Ramp,RKPC-RP11,126.4879025764132,33.50614337212951,0,Ramp,Ramp
RKPC,RKPC-RP11=RP12,RKPC-RP11,126.4879025764132,33.50614337212951,0,Ramp,RKPC-RP12,126.4884187594446,33.50641614673143,0,Ramp,Ramp
RKPC,RKPC-RP12=RP13,RKPC-RP12,126.4884187594446,33.50641614673143,0,Ramp,RKPC-RP13,126.4885742062833,33.50648385759038,0,Ramp,Ramp
RKPC,RKPC-RP13=RP14,RKPC-RP13,126.4885742062833,33.50648385759038,0,Ramp,RKPC-RP14,126.4890907759791,33.50674567447596,0,Ramp,Ramp
RKPC,RKPC-RP14=RP15,RKPC-RP14,126.4890907759791,33.50674567447596,0,Ramp,RKPC-RP15,126.4892883952804,33.50684420960479,0,Ramp,Ramp
RKPC,RKPC-RP15=RP16,RKPC-RP15,126.4892883952804,33.50684420960479,0,Ramp,RKPC-RP16,126.4894921240584,33.50695555265656,0,Ramp,Ramp
RKPC,RKPC-RP15=TX25,RKPC-RP15,126.4892883952804,33.50684420960479,0,Ramp,RKPC-TX25,126.4883466387693,33.50809782958557,0,Taxiway,Ramp
RKPC,RKPC-RP16=RP17,RKPC-RP16,126.4894921240584,33.50695555265656,0,Ramp,RKPC-RP17,126.4900234300592,33.50721581207876,0,Ramp,Ramp
RKPC,RKPC-RP17=RP18,RKPC-RP17,126.4900234300592,33.50721581207876,0,Ramp,RKPC-RP18,126.4903453171415,33.50740044637918,0,Ramp,Ramp
RKPC,RKPC-RP18=RP19,RKPC-RP18,126.4903453171415,33.50740044637918,0,Ramp,RKPC-RP19,126.490694863793,33.50756827723752,0,Ramp,Ramp
RKPC,RKPC-RP19=RP20,RKPC-RP19,126.490694863793,33.50756827723752,0,Ramp,RKPC-RP20,126.4913291103562,33.50789574871769,0,Ramp,Ramp
RKPC,RKPC-RP20=RP21,RKPC-RP20,126.4913291103562,33.50789574871769,0,Ramp,RKPC-RP21,126.4918932178578,33.50818389481812,0,Ramp,Ramp
RKPC,RKPC-RP21=RP22,RKPC-RP21,126.4918932178578,33.50818389481812,0,Ramp,RKPC-RP22,126.4921861282704,33.5083304938296,0,Ramp,Ramp
RKPC,RKPC-RP22=RP23,RKPC-RP22,126.4921861282704,33.5083304938296,0,Ramp,RKPC-RP23,126.492424061767,33.50848254933712,0,Ramp,Ramp
RKPC,RKPC-RP23=RP24,RKPC-RP23,126.492424061767,33.50848254933712,0,Ramp,RKPC-RP24,126.4931034422466,33.50881344889905,0,Ramp,Ramp
RKPC,RKPC-RP24=RP25,RKPC-RP24,126.4931034422466,33.50881344889905,0,Ramp,RKPC-RP25,126.4934951451603,33.50902960594497,0,Ramp,Ramp
RKPC,RKPC-RP25=RP26,RKPC-RP25,126.4934951451603,33.50902960594497,0,Ramp,RKPC-RP26,126.4938366570383,33.50920064364625,0,Ramp,Ramp
RKPC,RKPC-RP26=RP30,RKPC-RP26,126.4938366570383,33.50920064364625,0,Ramp,RKPC-RP30,126.4942589191946,33.50942808818583,0,Ramp,Ramp
RKPC,RKPC-RP26=RP26,RKPC-RP26,126.4938366570383,33.50920064364625,0,Ramp,RKPC-RP26,126.4938366570383,33.50920064364625,0,Ramp,Ramp
RKPC,RKPC-RP27=RP30,RKPC-RP27,126.4943488062484,33.50922808445501,0,Ramp,RKPC-RP30,126.4942589191946,33.50942808818583,0,Ramp,Ramp
RKPC,RKPC-RP28=RP30,RKPC-RP28,126.4945226469689,33.50955434477623,0,Ramp,RKPC-RP30,126.4942589191946,33.50942808818583,0,Ramp,Ramp
RKPC,RKPC-RP28=RP29,RKPC-RP28,126.4945226469689,33.50955434477623,0,Ramp,RKPC-RP29,126.4939012529485,33.5096929035787,0,Ramp,Ramp
RKPC,RKPC-RP28=RP31,RKPC-RP28,126.4945226469689,33.50955434477623,0,Ramp,RKPC-RP31,126.4948925973346,33.50973929399947,0,Ramp,Ramp
RKPC,RKPC-RP29=RP30,RKPC-RP29,126.4939012529485,33.5096929035787,0,Ramp,RKPC-RP30,126.4942589191946,33.50942808818583,0,Ramp,Ramp
RKPC,RKPC-RP29=TX37,RKPC-RP29,126.4939012529485,33.5096929035787,0,Ramp,RKPC-TX37,126.4931966892751,33.51063651530566,0,Taxiway,Ramp
RKPC,RKPC-RP30=RP27,RKPC-RP30,126.4942589191946,33.50942808818583,0,Ramp,RKPC-RP27,126.4943488062484,33.50922808445501,0,Ramp,Ramp 
RKPC,RKPC-RP30=RP32,RKPC-RP30,126.4942589191946,33.50942808818583,0,Ramp,RKPC-RP32,126.4948292318145,33.50939133245623,0,Ramp,Ramp
RKPC,RKPC-RP31=RP32,RKPC-RP31,126.4948925973346,33.50973929399947,0,Ramp,RKPC-RP32,126.4948292318145,33.50939133245623,0,Ramp,Ramp
RKPC,RKPC-RP31=RP34,RKPC-RP31,126.4948925973346,33.50973929399947,0,Ramp,RKPC-RP34,126.4954212175411,33.51001438529513,0,Ramp,Ramp
RKPC,RKPC-RP32=RP33,RKPC-RP32,126.4948292318145,33.50939133245623,0,Ramp,RKPC-RP33,126.49564871099,33.50928260730252,0,Ramp,Ramp
RKPC,RKPC-RP33=RP37,RKPC-RP33,126.49564871099,33.50928260730252,0,Ramp,RKPC-RP37,126.4964406466234,33.50927738041069,0,Ramp,Ramp
RKPC,RKPC-RP33=RP34,RKPC-RP33,126.49564871099,33.50928260730252,0,Ramp,RKPC-RP34,126.4954212175411,33.51001438529513,0,Ramp,Ramp
RKPC,RKPC-RP33=RP35,RKPC-RP33,126.49564871099,33.50928260730252,0,Ramp,RKPC-RP35,126.4960092661156,33.50909449124771,0,Ramp,Ramp
RKPC,RKPC-RP47=RP35,RKPC-RP47,126.4957159689034,33.50874318324178,0,Ramp,RKPC-RP35,126.4960092661156,33.50909449124771,0,Ramp,Ramp
RKPC,RKPC-RP47=RP36,RKPC-RP47,126.4957159689034,33.50874318324178,0,Ramp,RKPC-RP36,126.4962740766417,33.50896162630556,0,Ramp,Ramp
RKPC,RKPC-RP47=RP33,RKPC-RP47,126.4957159689034,33.50874318324178,0,Ramp,RKPC-RP33,126.49564871099,33.50928260730252,0,Ramp,Ramp
RKPC,RKPC-RP35=RP36,RKPC-RP35,126.4960092661156,33.50909449124771,0,Ramp,RKPC-RP36,126.4962740766417,33.50896162630556,0,Ramp,Ramp
RKPC,RKPC-RP35=RP37,RKPC-RP35,126.4960092661156,33.50909449124771,0,Ramp,RKPC-RP37,126.4964406466234,33.50927738041069,0,Ramp,Ramp
RKPC,RKPC-RP36=RP38,RKPC-RP36,126.4962740766417,33.50896162630556,0,Ramp,RKPC-RP38,126.4964932492992,33.50881884128817,0,Ramp,Ramp
RKPC,RKPC-RP37=RP38,RKPC-RP37,126.4964406466234,33.50927738041069,0,Ramp,RKPC-RP38,126.4964932492992,33.50881884128817,0,Ramp,Ramp
RKPC,RKPC-RP38=RP39,RKPC-RP38,126.4964932492992,33.50881884128817,0,Ramp,RKPC-RP39,126.4970283928706,33.50847692214077,0,Ramp,Ramp
RKPC,RKPC-RP39=RP40,RKPC-RP39,126.4970283928706,33.50847692214077,0,Ramp,RKPC-RP40,126.4974607988558,33.50822367095379,0,Ramp,Ramp
RKPC,RKPC-RP40=RP41,RKPC-RP40,126.4974607988558,33.50822367095379,0,Ramp,RKPC-RP41,126.4988457135567,33.50739335368776,0,Ramp,Ramp
RKPC,RKPC-RP41=RP42,RKPC-RP41,126.4988457135567,33.50739335368776,0,Ramp,RKPC-RP42,126.4992834888213,33.50714384670737,0,Ramp,Ramp
RKPC,RKPC-RP42=RP43,RKPC-RP42,126.4992834888213,33.50714384670737,0,Ramp,RKPC-RP43,126.4996904920848,33.50690817043191,0,Ramp,Ramp
RKPC,RKPC-RP43=RP44,RKPC-RP43,126.4996904920848,33.50690817043191,0,Ramp,RKPC-RP44,126.5001368596685,33.50663402184785,0,Ramp,Ramp
RKPC,RKPC-RP44=RP45,RKPC-RP44,126.5001368596685,33.50663402184785,0,Ramp,RKPC-RP45,126.5005470777678,33.50638502518115,0,Ramp,Ramp
RKPC,RKPC-RP45=TX44,RKPC-RP45,126.5005470777678,33.50638502518115,0,Ramp,RKPC-TX44,126.5030791397944,33.50512960872247,0,Taxiway,Ramp
RKPC,RKPC-TX1=TX3,RKPC-TX1,126.4690932496764,33.4992882304859,0,Taxiway,RKPC-TX3,126.4699615286572,33.49874838936761,0,Taxiway,Taxiway
RKPC,RKPC-TX44=TX45,RKPC-TX44,126.5030791397944,33.50512960872247,0,Taxiway,RKPC-TX45,126.5036380016276,33.50572774820889,0,Taxiway,Taxiway
RKPC,RKPC-TX2=TX4,RKPC-TX2,126.4699485707538,33.49969592778787,0,Taxiway,RKPC-TX4,126.4704852525577,33.49898223370893,0,Taxiway,Taxiway
RKPC,RKPC-TX3=TX2,RKPC-TX3,126.4699615286572,33.49874838936761,0,Taxiway,RKPC-TX2,126.4699485707538,33.49969592778787,0,Taxiway,Taxiway
RKPC,RKPC-TX3=TX4,RKPC-TX3,126.4699615286572,33.49874838936761,0,Taxiway,RKPC-TX4,126.4704852525577,33.49898223370893,0,Taxiway,Taxiway
RKPC,RKPC-TX4=TX5,RKPC-TX4,126.4704852525577,33.49898223370893,0,Taxiway,RKPC-TX5,126.4728471079443,33.50019470455091,0,Taxiway,Taxiway
RKPC,RKPC-TX5=TX6,RKPC-TX5,126.4728471079443,33.50019470455091,0,Taxiway,RKPC-TX6,126.4738562937235,33.5006944118377,0,Taxiway,Taxiway
RKPC,RKPC-TX6=TX8,RKPC-TX6,126.4738562937235,33.5006944118377,0,Taxiway,RKPC-TX8,126.4756914517276,33.50164434479737,0,Taxiway,Taxiway
RKPC,RKPC-TX6=TX7,RKPC-TX6,126.4738562937235,33.5006944118377,0,Taxiway,RKPC-TX7,126.4749763458231,33.50222544832068,0,Taxiway,Taxiway
RKPC,RKPC-TX7=TX8,RKPC-TX7,126.4749763458231,33.50222544832068,0,Taxiway,RKPC-TX8,126.4756914517276,33.50164434479737,0,Taxiway,Taxiway
RKPC,RKPC-TX8=TX9,RKPC-TX8,126.4756914517276,33.50164434479737,0,Taxiway,RKPC-TX9,126.4777116871196,33.50268523606797,0,Taxiway,Taxiway
RKPC,RKPC-TX9=TX11,RKPC-TX9,126.4777116871196,33.50268523606797,0,Taxiway,RKPC-TX11,126.4784180910149,33.50304661103921,0,Taxiway,Taxiway
RKPC,RKPC-TX9=TX10,RKPC-TX9,126.4777116871196,33.50268523606797,0,Taxiway,RKPC-TX10,126.4779138635489,33.50330773581808,0,Taxiway,Taxiway
RKPC,RKPC-TX10=TX11,RKPC-TX10,126.4779138635489,33.50330773581808,0,Taxiway,RKPC-TX11,126.4784180910149,33.50304661103921,0,Taxiway,Taxiway
RKPC,RKPC-TX11=TX12,RKPC-TX11,126.4784180910149,33.50304661103921,0,Taxiway,RKPC-TX12,126.4792525408777,33.50430275441722,0,Taxiway,Taxiway
RKPC,RKPC-TX11=TX13,RKPC-TX11,126.4784180910149,33.50304661103921,0,Taxiway,RKPC-TX13,126.4799908508604,33.50384036117049,0,Taxiway,Taxiway
RKPC,RKPC-TX12=TX13,RKPC-TX12,126.4792525408777,33.50430275441722,0,Taxiway,RKPC-TX13,126.4799908508604,33.50384036117049,0,Taxiway,Taxiway
RKPC,RKPC-TX13=TX14,RKPC-TX13,126.4799908508604,33.50384036117049,0,Taxiway,RKPC-TX14,126.4804910658001,33.50411032620959,0,Taxiway,Taxiway
RKPC,RKPC-TX14=TX15,RKPC-TX14,126.4804910658001,33.50411032620959,0,Taxiway,RKPC-TX15,126.4816097403718,33.50549888185176,0,Taxiway,Taxiway
RKPC,RKPC-TX14=TX16,RKPC-TX14,126.4804910658001,33.50411032620959,0,Taxiway,RKPC-TX16,126.482450176059,33.50511299081626,0,Taxiway,Taxiway
RKPC,RKPC-TX15=TX16,RKPC-TX15,126.4816097403718,33.50549888185176,0,Taxiway,RKPC-TX16,126.482450176059,33.50511299081626,0,Taxiway,Taxiway
RKPC,RKPC-TX16=TX17,RKPC-TX16,126.482450176059,33.50511299081626,0,Taxiway,RKPC-TX17,126.4832755358284,33.50551811187896,0,Taxiway,Taxiway
RKPC,RKPC-TX17=TX18,RKPC-TX17,126.4832755358284,33.50551811187896,0,Taxiway,RKPC-TX18,126.4838630695661,33.50583586091476,0,Taxiway,Taxiway
RKPC,RKPC-TX18=TX19,RKPC-TX18,126.4838630695661,33.50583586091476,0,Taxiway,RKPC-TX19,126.4842516958226,33.50603493745285,0,Taxiway,Taxiway
RKPC,RKPC-TX19=TX20,RKPC-TX19,126.4842516958226,33.50603493745285,0,Taxiway,RKPC-TX20,126.4849849347304,33.50639749736753,0,Taxiway,Taxiway
RKPC,RKPC-TX20=TX21,RKPC-TX20,126.4849849347304,33.50639749736753,0,Taxiway,RKPC-TX21,126.48580568843,33.50681083760645,0,Taxiway,Taxiway
RKPC,RKPC-TX21=TX46,RKPC-TX21,126.48580568843,33.50681083760645,0,Taxiway,RKPC-TX46,126.4863932527388,33.50712254787926,0,Taxiway,Taxiway
RKPC,RKPC-TX21=TX22,RKPC-TX21,126.48580568843,33.50681083760645,0,Taxiway,RKPC-TX22,126.4856169594846,33.50762988281966,0,Taxiway,Taxiway
RKPC,RKPC-TX22=TX24,RKPC-TX22,126.4856169594846,33.50762988281966,0,Taxiway,RKPC-TX24,126.4874624289114,33.50765619543386,0,Taxiway,Taxiway
RKPC,RKPC-TX46=TX23,RKPC-TX46,126.4863932527388,33.50712254787926,0,Taxiway,RKPC-TX23,126.4869528755301,33.50741416254179,0,Taxiway,Taxiway
RKPC,RKPC-TX23=TX24,RKPC-TX23,126.4869528755301,33.50741416254179,0,Taxiway,RKPC-TX24,126.4874624289114,33.50765619543386,0,Taxiway,Taxiway
RKPC,RKPC-TX24=TX25,RKPC-TX24,126.4874624289114,33.50765619543386,0,Taxiway,RKPC-TX25,126.4883466387693,33.50809782958557,0,Taxiway,Taxiway
RKPC,RKPC-TX25=TX26,RKPC-TX25,126.4883466387693,33.50809782958557,0,Taxiway,RKPC-TX26,126.4887700997981,33.50835685577519,0,Taxiway,Taxiway
RKPC,RKPC-TX26=TX27,RKPC-TX26,126.4887700997981,33.50835685577519,0,Taxiway,RKPC-TX27,126.4882946049147,33.50882896184709,0,Taxiway,Taxiway
RKPC,RKPC-TX26=TX28,RKPC-TX26,126.4887700997981,33.50835685577519,0,Taxiway,RKPC-TX28,126.4890081177997,33.50848786874459,0,Taxiway,Taxiway
RKPC,RKPC-TX27=TX31,RKPC-TX27,126.4882946049147,33.50882896184709,0,Taxiway,RKPC-TX31,126.4903442600556,33.50916621098551,0,Taxiway,Taxiway
RKPC,RKPC-TX28=TX29,RKPC-TX28,126.4890081177997,33.50848786874459,0,Taxiway,RKPC-TX29,126.4893792252426,33.50866342515516,0,Taxiway,Taxiway
RKPC,RKPC-TX29=TX30,RKPC-TX29,126.4893792252426,33.50866342515516,0,Taxiway,RKPC-TX30,126.4897917494558,33.50886938958807,0,Taxiway,Taxiway
RKPC,RKPC-TX30=TX31,RKPC-TX30,126.4897917494558,33.50886938958807,0,Taxiway,RKPC-TX31,126.4903442600556,33.50916621098551,0,Taxiway,Taxiway
RKPC,RKPC-TX31=TX32,RKPC-TX31,126.4903442600556,33.50916621098551,0,Taxiway,RKPC-TX32,126.4909049621155,33.50946151181505,0,Taxiway,Taxiway
RKPC,RKPC-TX32=TX33,RKPC-TX32,126.4909049621155,33.50946151181505,0,Taxiway,RKPC-TX33,126.4914769814584,33.50975070694431,0,Taxiway,Taxiway
RKPC,RKPC-TX32=TX35,RKPC-TX32,126.4909049621155,33.50946151181505,0,Taxiway,RKPC-TX35,126.4910606397363,33.51023351233777,0,Taxiway,Taxiway
RKPC,RKPC-TX33=TX34,RKPC-TX33,126.4914769814584,33.50975070694431,0,Taxiway,RKPC-TX34,126.4921702211735,33.5100856478061,0,Taxiway,Taxiway
RKPC,RKPC-TX34=TX36,RKPC-TX34,126.4921702211735,33.5100856478061,0,Taxiway,RKPC-TX36,126.492561502157,33.51029007621509,0,Taxiway,Taxiway
RKPC,RKPC-TX35=TX36,RKPC-TX35,126.4910606397363,33.51023351233777,0,Taxiway,RKPC-TX36,126.492561502157,33.51029007621509,0,Taxiway,Taxiway
RKPC,RKPC-TX36=TX37,RKPC-TX36,126.492561502157,33.51029007621509,0,Taxiway,RKPC-TX37,126.4931966892751,33.51063651530566,0,Taxiway,Taxiway
RKPC,RKPC-TX39=TX38,RKPC-TX39,126.495771586978,33.51193185652798,0,Taxiway,RKPC-TX38,126.4963869643793,33.51107748067146,0,Taxiway,Taxiway
RKPC,RKPC-TX39=TX40,RKPC-TX39,126.495771586978,33.51193185652798,0,Taxiway,RKPC-TX40,126.4970789962002,33.51259692817131,0,Taxiway,Taxiwayj
RKPC,RKPC-TX40=TX38,RKPC-TX40,126.4970789962002,33.51259692817131,0,Taxiway,RKPC-TX38,126.4963869643793,33.51107748067146,0,Taxiway,Taxiway
RKPC,RKPC-TX40=TX39,RKPC-TX40,126.4970789962002,33.51259692817131,0,Taxiway,RKPC-TX39,126.495771586978,33.51193185652798,0,Taxiway,Taxiway
RKPC,RKPC-TX40=TX43,RKPC-TX40,126.4970789962002,33.51259692817131,0,Taxiway,RKPC-TX43,126.4971226241434,33.51356296190049,0,Taxiway,Taxiway
RKPC,RKPC-TX40=TX41,RKPC-TX40,126.4970789962002,33.51259692817131,0,Taxiway,RKPC-TX41,126.49806788561,33.51310312670299,0,Taxiway,Taxiway
RKPC,RKPC-TX41=TX42,RKPC-TX41,126.49806788561,33.51310312670299,0,Taxiway,RKPC-TX42,126.4985254758227,33.51335625066661,0,Taxiway,Taxiway
RKPC,RKPC-TX41=TX43,RKPC-TX41,126.49806788561,33.51310312670299,0,Taxiway,RKPC-TX43,126.4971226241434,33.51356296190049,0,Taxiway,Taxiway
RKSS,RKSS-G1=RP13,RKSS-G1,126.8052944,37.55601666999998,0,Gate,RKSS-RP13,126.8040231,37.55502708999999,0,Ramp,Gate
RKSS,RKSS-G3=RP14,RKSS-G3,126.8049333,37.55630278000002,0,Gate,RKSS-RP14,126.8036873,37.55531582000002,0,Ramp,Gate
RKSS,RKSS-G4=RP16,RKSS-G4,126.8045722,37.55658889,0,Gate,RKSS-RP16,126.8035716,37.55583301000001,0,Ramp,Gate
RKSS,RKSS-G6=RP18,RKSS-G6,126.8042139,37.55687500000001,0,Gate,RKSS-RP18,126.8031576,37.55604347999999,0,Ramp,Gate
RKSS,RKSS-G8=RP19,RKSS-G8,126.8038611,37.55732499999999,0,Gate,RKSS-RP19,126.8028056,37.55646420999999,0,Ramp,Gate
RKSS,RKSS-G10=RP20,RKSS-G10,126.8032833,37.55778610999997,0,Gate,RKSS-RP20,126.802197,37.55693489999997,0,Ramp,Gate
RKSS,RKSS-G11=RP21,RKSS-G11,126.8026222,37.55800000000001,0,Gate,RKSS-RP21,126.8017092,37.55730591000001,0,Ramp,Gate
RKSS,RKSS-G14=RP23,RKSS-G14,126.8020222,37.55848056,0,Gate,RKSS-RP23,126.8010934,37.55779716000001,0,Ramp,Gate
RKSS,RKSS-G16=RP25,RKSS-G16,126.801675,37.55906111000003,0,Gate,RKSS-RP25,126.8005676,37.55821967,0,Ramp,Gate
RKSS,RKSS-G17=RP28,RKSS-G17,126.8010806,37.55948889000002,0,Gate,RKSS-RP28,126.800028,37.55867487000001,0,Ramp,Gate
RKSS,RKSS-G18=RP29,RKSS-G18,126.8006139,37.55982500000001,0,Gate,RKSS-RP29,126.7996278,37.55896259999999,0,Ramp,Gate
RKSS,RKSS-G20=RP30,RKSS-G20,126.8001722,37.56001389000001,0,Gate,RKSS-RP30,126.7993,37.55905011,0,Ramp,Gate
RKSS,RKSS-G21=RP30,RKSS-G21,126.7992667,37.56006388999999,0,Gate,RKSS-RP30,126.7993,37.55905011,0,Ramp,Gate
RKSS,RKSS-G22=RP31,RKSS-G22,126.7987194,37.56008610999999,0,Gate,RKSS-RP31,126.7987771,37.55910864000001,0,Ramp,Gate
RKSS,RKSS-G23=RP33,RKSS-G23,126.798275,37.56009167000001,0,Gate,RKSS-RP33,126.7982419,37.55916563000001,0,Ramp,Gate
RKSS,RKSS-G24=RP34,RKSS-G24,126.797825,37.56011667,0,Gate,RKSS-RP34,126.7978394,37.55921439000001,0,Ramp,Gate
RKSS,RKSS-G25=RP35,RKSS-G25,126.7973833,37.56028333,0,Gate,RKSS-RP35,126.7974021,37.55925647999997,0,Ramp,Gate
RKSS,RKSS-G26=RP36,RKSS-G26,126.7968278,37.56048888999998,0,Gate,RKSS-RP36,126.7968676,37.55931727000001,0,Ramp,Gate
RKSS,RKSS-G27=TX23,RKSS-G27,126.7955944,37.56084722000001,0,Gate,RKSS-TX23,126.7953599,37.55947653999999,0,Taxiway,Gate
RKSS,RKSS-G28=TX24,RKSS-G28,126.7951222,37.560875,0,Gate,RKSS-TX24,126.7949566,37.55978257999998,0,Taxiway,Gate
RKSS,RKSS-G31=RP41,RKSS-G31,126.7972167,37.56381388999999,0,Gate,RKSS-RP41,126.7961372,37.56463551999999,0,Ramp,Gate
RKSS,RKSS-G32=RP42,RKSS-G32,126.7977417,37.56417500000002,0,Gate,RKSS-RP42,126.7967017,37.56509153999999,0,Ramp,Gate
RKSS,RKSS-G33=RP43,RKSS-G33,126.7983194,37.56464444000001,0,Gate,RKSS-RP43,126.7972034,37.56551,0,Ramp,Gate
RKSS,RKSS-G34=RP44,RKSS-G34,126.7989028,37.56511943999998,0,Gate,RKSS-RP44,126.7978148,37.56596963999998,0,Ramp,Gate
RKSS,RKSS-G35=RP45,RKSS-G35,126.7993583,37.56586111,0,Gate,RKSS-RP45,126.7990304,37.56691978000002,0,Ramp,Gate
RKSS,RKSS-G36=RP47,RKSS-G36,126.80065,37.56688056000002,0,Gate,RKSS-RP47,126.7998184,37.56754261,0,Ramp,Gate
RKSS,RKSS-G37=RP50,RKSS-G37,126.8014889,37.56719167000001,0,Gate,RKSS-RP50,126.8004382,37.56804292000002,0,Ramp,Gate
RKSS,RKSS-G38=RP64,RKSS-G38,126.8020833,37.56762778000001,0,Gate,RKSS-RP64,126.8013198,37.56824045999998,0,Ramp,Gate
RKSS,RKSS-G39=RP53,RKSS-G39,126.802675,37.56809444000001,0,Gate,RKSS-RP53,126.8014067,37.56876109000002,0,Ramp,Gate
RKSS,RKSS-G121=RP1,RKSS-G121,126.810375,37.54861389000001,0,Gate,RKSS-RP1,126.8111844,37.54926498999997,0,Ramp,Gate
RKSS,RKSS-G122=RP2,RKSS-G122,126.8098167,37.54905833000002,0,Gate,RKSS-RP2,126.8106184,37.54971004999999,0,Ramp,Gate
RKSS,RKSS-G123=RP3,RKSS-G123,126.8085333,37.55005278,0,Gate,RKSS-RP3,126.8093596,37.55072571000001,0,Ramp,Gate
RKSS,RKSS-G123=TX2,RKSS-G123,126.8085333,37.55005278,0,Gate,RKSS-TX2,126.8078261,37.54951542999999,0,Taxiway,Gate
RKSS,RKSS-G124=RP4,RKSS-G124,126.8079833,37.55047777999999,0,Gate,RKSS-RP4,126.8088093,37.55116381000001,0,Ramp,Gate
RKSS,RKSS-G124=TX3,RKSS-G124,126.8079833,37.55047777999999,0,Gate,RKSS-TX3,126.8073072,37.54992587000002,0,Taxiway,Gate
RKSS,RKSS-G125=TX4,RKSS-G125,126.8074389,37.55090277999999,0,Gate,RKSS-TX4,126.8067741,37.55036796000002,0,Taxiway,Gate
RKSS,RKSS-G125=RP5,RKSS-G125,126.8074389,37.55090277999999,0,Gate,RKSS-RP5,126.8082626,37.55159601,0,Ramp,Gate
RKSS,RKSS-G126=TX5,RKSS-G126,126.8068972,37.55133333000001,0,Gate,RKSS-TX5,126.8061876,37.55083047,0,Taxiway,Gate
RKSS,RKSS-G126=RP6,RKSS-G126,126.8068972,37.55133333000001,0,Gate,RKSS-RP6,126.8077266,37.55202558000001,0,Ramp,Gate
RKSS,RKSS-G127=TX6,RKSS-G127,126.8064611,37.55167499999997,0,Gate,RKSS-TX6,126.8057793,37.55115979999999,0,Taxiway,Gate
RKSS,RKSS-G127=RP7,RKSS-G127,126.8064611,37.55167499999997,0,Gate,RKSS-RP7,126.8072877,37.55238871,0,Ramp,Gate
RKSS,RKSS-G128=RP9,RKSS-G128,126.8052,37.55270278,0,Gate,RKSS-RP9,126.8061011,37.55335552000001,0,Ramp,Gate
RKSS,RKSS-G129=RP10,RKSS-G129,126.8045667,37.55320832999998,0,Gate,RKSS-RP10,126.8054239,37.55388463999999,0,Ramp,Gate
RKSS,RKSS-G130=RP11,RKSS-G130,126.8039278,37.55372778,0,Gate,RKSS-RP11,126.804761,37.55443671000003,0,Ramp,Gate
RKSS,RKSS-G131=RP12,RKSS-G131,126.8033361,37.55416388999999,0,Gate,RKSS-RP12,126.8042014,37.55487393999999,0,Ramp,Gate
RKSS,RKSS-G132=RP14,RKSS-G132,126.8027917,37.55461388999998,0,Gate,RKSS-RP14,126.8036873,37.55531582000002,0,Ramp,Gate
RKSS,RKSS-G132=TX9,RKSS-G132,126.8027917,37.55461388999998,0,Gate,RKSS-TX9,126.8020842,37.55407864000001,0,Taxiway,Gate
RKSS,RKSS-G133=RP19,RKSS-G133,126.8016,37.55554443999999,0,Gate,RKSS-RP19,126.8028056,37.55646420999999,0,Ramp,Gate
RKSS,RKSS-G133=TX11,RKSS-G133,126.8016,37.55554443999999,0,Gate,RKSS-TX11,126.8009001,37.55503142999999,0,Taxiway,Gate
RKSS,RKSS-G134=RP20,RKSS-G134,126.8010194,37.55600833,0,Gate,RKSS-RP20,126.802197,37.55693489999997,0,Ramp,Gate
RKSS,RKSS-G134=TX12,RKSS-G134,126.8010194,37.55600833,0,Gate,RKSS-TX12,126.8003121,37.55548720000001,0,Taxiway,Gate
RKSS,RKSS-G135=RP21,RKSS-G135,126.8005556,37.55638056000003,0,Gate,RKSS-RP21,126.8017092,37.55730591000001,0,Ramp,Gate
RKSS,RKSS-G135=TX13,RKSS-G135,126.8005556,37.55638056000003,0,Gate,RKSS-TX13,126.7998793,37.55586500999998,0,Taxiway,Gate
RKSS,RKSS-G136=RP22,RKSS-G136,126.8000861,37.55676943999999,0,Gate,RKSS-RP22,126.8012503,37.55767975999997,0,Ramp,Gate
RKSS,RKSS-G136=TX14,RKSS-G136,126.8000861,37.55676943999999,0,Gate,RKSS-TX14,126.7994255,37.55624130000002,0,Taxiway,Gate
RKSS,RKSS-G137=RP24,RKSS-G137,126.7996917,37.55708889,0,Gate,RKSS-RP24,126.8008325,37.55799552,0,Ramp,Gate
RKSS,RKSS-G137=TX15,RKSS-G137,126.7996917,37.55708889,0,Gate,RKSS-TX15,126.7990147,37.55655565000001,0,Taxiway,Gate
RKSS,RKSS-G138=RP26,RKSS-G138,126.7992889,37.55740277999999,0,Gate,RKSS-RP26,126.8004389,37.55831589,0,Ramp,Gate
RKSS,RKSS-G138=TX16,RKSS-G138,126.7992889,37.55740277999999,0,Gate,RKSS-TX16,126.7986283,37.55687609000002,0,Taxiway,Gate
RKSS,RKSS-G139=RP27,RKSS-G139,126.7989972,37.55768332999998,0,Gate,RKSS-RP27,126.8001507,37.55855567999998,0,Ramp,Gate
RKSS,RKSS-G139=TX17,RKSS-G139,126.7989972,37.55768332999998,0,Gate,RKSS-TX17,126.7982818,37.5571266,0,Taxiway,Gate
RKSS,RKSS-G140=RP29,RKSS-G140,126.7985333,37.55800278,0,Gate,RKSS-RP29,126.7996278,37.55896259999999,0,Ramp,Gate
RKSS,RKSS-G140=TX18,RKSS-G140,126.7985333,37.55800278,0,Gate,RKSS-TX18,126.7978558,37.55747220000002,0,Taxiway,Gate
RKSS,RKSS-G141=RP30,RKSS-G141,126.7981444,37.558225,0,Gate,RKSS-RP30,126.7993,37.55905011,0,Ramp,Gate
RKSS,RKSS-G141=TX19,RKSS-G141,126.7981444,37.558225,0,Gate,RKSS-TX19,126.7975192,37.55774522999999,0,Taxiway,Gate
RKSS,RKSS-G142=RP32,RKSS-G142,126.7978056,37.55848056,0,Gate,RKSS-RP32,126.7985874,37.55911689999997,0,Ramp,Gate
RKSS,RKSS-G142=TX20,RKSS-G142,126.7978056,37.55848056,0,Gate,RKSS-TX20,126.7971772,37.55800421999999,0,Taxiway,Gate
RKSS,RKSS-G201=RP79,RKSS-G201,126.7933583,37.56328332999998,0,Gate,RKSS-RP79,126.7925179,37.56380641999998,0,Ramp,Gate
RKSS,RKSS-G201=RP38,RKSS-G201,126.7933583,37.56328332999998,0,Gate,RKSS-RP38,126.7937863,37.56274794000001,0,Ramp,Gate
RKSS,RKSS-G202=RP78,RKSS-G202,126.7938,37.56363056000001,0,Gate,RKSS-RP78,126.7929916,37.56418039999998,0,Ramp,Gate
RKSS,RKSS-G202=RP39,RKSS-G202,126.7938,37.56363056000001,0,Gate,RKSS-RP39,126.7942522,37.56314387999999,0,Ramp,Gate
RKSS,RKSS-G203=RP77,RKSS-G203,126.7942417,37.56398332999999,0,Gate,RKSS-RP77,126.7935305,37.56460201999998,0,Ramp,Gate
RKSS,RKSS-G203=RP40,RKSS-G203,126.7942417,37.56398332999999,0,Gate,RKSS-RP40,126.7947579,37.56350925999997,0,Ramp,Gate
RKSS,RKSS-G204=RP75,RKSS-G204,126.7955417,37.56500556,0,Gate,RKSS-RP75,126.7947448,37.56560962999998,0,Ramp,Gate
RKSS,RKSS-G204=RP41,RKSS-G204,126.7955417,37.56500556,0,Gate,RKSS-RP41,126.7961372,37.56463551999999,0,Ramp,Gate
RKSS,RKSS-G205=RP73,RKSS-G205,126.7962167,37.56546667000001,0,Gate,RKSS-RP73,126.7953805555556,37.566125,0,Ramp,Gate
RKSS,RKSS-G205=RP42,RKSS-G205,126.7962167,37.56546667000001,0,Gate,RKSS-RP42,126.7967017,37.56509153999999,0,Ramp,Gate
RKSS,RKSS-G206=RP71,RKSS-G206,126.7966833,37.56594444000002,0,Gate,RKSS-RP71,126.7959844,37.56658909,0,Ramp,Gate
RKSS,RKSS-G206=RP43,RKSS-G206,126.7966833,37.56594444000002,0,Gate,RKSS-RP43,126.7972034,37.56551,0,Ramp,Gate
RKSS,RKSS-G211=RP67,RKSS-G211,126.7990861,37.56784722000002,0,Gate,RKSS-RP67,126.7983286,37.56843196,0,Ramp,Gate
RKSS,RKSS-G211=RP46,RKSS-G211,126.7990861,37.56784722000002,0,Gate,RKSS-RP46,126.7996115,37.5673784,0,Ramp,Gate
RKSS,RKSS-G212=RP65,RKSS-G212,126.7994306,37.56812500000002,0,Gate,RKSS-RP65,126.7986886,37.56872195000001,0,Ramp,Gate
RKSS,RKSS-G212=RP48,RKSS-G212,126.7994306,37.56812500000002,0,Gate,RKSS-RP48,126.7999567,37.56764520000002,0,Ramp,Gate
RKSS,RKSS-G213=RP63,RKSS-G213,126.799775,37.56839722000001,0,Gate,RKSS-RP63,126.7990209,37.56899966000001,0,Ramp,Gate
RKSS,RKSS-G213=RP49,RKSS-G213,126.799775,37.56839722000001,0,Gate,RKSS-RP49,126.8003258,37.56793881000001,0,Ramp,Gate
RKSS,RKSS-G214=RP62,RKSS-G214,126.8001194,37.56866944000003,0,Gate,RKSS-RP62,126.79935,37.56926388888889,0,Ramp,Gate
RKSS,RKSS-G214=RP51,RKSS-G214,126.8001194,37.56866944000003,0,Gate,RKSS-RP51,126.8006771,37.56822754,0,Ramp,Gate
RKSS,RKSS-G221=RP79,RKSS-G221,126.7916861,37.56441389,0,Gate,RKSS-RP79,126.7925179,37.56380641999998,0,Ramp,Gate
RKSS,RKSS-G222=RP78,RKSS-G222,126.7921139,37.56488056000001,0,Gate,RKSS-RP78,126.7929916,37.56418039999998,0,Ramp,Gate
RKSS,RKSS-G223=RP77,RKSS-G223,126.7927306,37.56531111000002,0,Gate,RKSS-RP77,126.7935305,37.56460201999998,0,Ramp,Gate
RKSS,RKSS-G224=RP76,RKSS-G224,126.7933083,37.56576667000002,0,Gate,RKSS-RP76,126.7941379,37.56508738000001,0,Ramp,Gate
RKSS,RKSS-G227=RP75,RKSS-G227,126.7938222,37.56620556,0,Gate,RKSS-RP75,126.7947448,37.56560962999998,0,Ramp,Gate
RKSS,RKSS-G228=RP74,RKSS-G228,126.7942056,37.56648056000002,0,Gate,RKSS-RP74,126.7950141,37.56582836,0,Ramp,Gate
RKSS,RKSS-G229=RP73,RKSS-G229,126.7945194,37.56675833000001,0,Gate,RKSS-RP73,126.7953805555556,37.566125,0,Ramp,Gate
RKSS,RKSS-G230=RP72,RKSS-G230,126.7948667,37.56703611000002,0,Gate,RKSS-RP72,126.7956878,37.56637136000001,0,Ramp,Gate
RKSS,RKSS-G231=RP71,RKSS-G231,126.7952139,37.56731389000002,0,Gate,RKSS-RP71,126.7959844,37.56658909,0,Ramp,Gate
RKSS,RKSS-G232=RP70,RKSS-G232,126.7959444,37.56789444000001,0,Gate,RKSS-RP70,126.7967774,37.56720698000001,0,Ramp,Gate
RKSS,RKSS-G233=RP69,RKSS-G233,126.7962944,37.56817222000002,0,Gate,RKSS-RP69,126.7971019,37.56747647,0,Ramp,Gate
RKSS,RKSS-G234=RP68,RKSS-G234,126.7968583,37.56858055999999,0,Gate,RKSS-RP68,126.7976382,37.56792496000002,0,Ramp,Gate
RKSS,RKSS-G235=RP66,RKSS-G235,126.7976444,37.56920555999998,0,Gate,RKSS-RP66,126.7984963,37.56856703999999,0,Ramp,Gate
RKSS,RKSS-G236=RP63,RKSS-G236,126.7982056,37.56964999999998,0,Gate,RKSS-RP63,126.7990209,37.56899966000001,0,Ramp,Gate
RKSS,RKSS-G237=RP60,RKSS-G237,126.7989361,37.57024167000002,0,Gate,RKSS-RP60,126.7995305555555,37.56979722222223,0,Ramp,Gate
RKSS,RKSS-G301=RP59,RKSS-G301,126.8002944,37.57114444000001,0,Gate,RKSS-RP59,126.7996646,37.57066062999999,0,Ramp,Gate
RKSS,RKSS-G302=RP58,RKSS-G302,126.8005972,37.57090278,0,Gate,RKSS-RP58,126.7999583,37.57039365,0,Ramp,Gate
RKSS,RKSS-G303=RP57,RKSS-G303,126.8009528,37.57061666999999,0,Gate,RKSS-RP57,126.8002101,37.57005131000001,0,Ramp,Gate
RKSS,RKSS-G304=RP56,RKSS-G304,126.8014333,37.57029443999998,0,Gate,RKSS-RP56,126.8002305555556,37.56941111111112,0,Ramp,Gate
RKSS,RKSS-G305=RP55,RKSS-G305,126.8017583,37.57003611,0,Gate,RKSS-RP55,126.8005369,37.56916123999999,0,Ramp,Gate
RKSS,RKSS-G306=RP54,RKSS-G306,126.8021528,37.56971944000001,0,Gate,RKSS-RP54,126.8009301,37.56884672999999,0,Ramp,Gate
RKSS,RKSS-G307=RP53,RKSS-G307,126.8024778,37.56946110999998,0,Gate,RKSS-RP53,126.8014067,37.56876109000002,0,Ramp,Gate
RKSS,RKSS-G501=RP80,RKSS-G501,126.7891806,37.55496111000001,0,Gate,RKSS-RP80,126.7894227,37.55514007999999,0,Ramp,Gate
RKSS,RKSS-G502=RP81,RKSS-G502,126.789325,37.55484166999999,0,Gate,RKSS-RP81,126.7895553,37.55502337,0,Ramp,Gate
RKSS,RKSS-G503=RP82,RKSS-G503,126.7894778,37.55471943999999,0,Gate,RKSS-RP82,126.7896907,37.55490223999998,0,Ramp,Gate
RKSS,RKSS-G504=RP83,RKSS-G504,126.789625,37.55460278000002,0,Gate,RKSS-RP83,126.7898141,37.55478424,0,Ramp,Gate
RKSS,RKSS-G505=RP85,RKSS-G505,126.7901083,37.55421943999999,0,Gate,RKSS-RP85,126.7903266,37.55440104000003,0,Ramp,Gate
RKSS,RKSS-G506=RP86,RKSS-G506,126.7902556,37.55410000000002,0,Gate,RKSS-RP86,126.7904817,37.55428274999999,0,Ramp,Gate
RKSS,RKSS-G507=RP87,RKSS-G507,126.7904056,37.55397777999998,0,Gate,RKSS-RP87,126.7906366,37.554163,0,Ramp,Gate
RKSS,RKSS-G508=RP88,RKSS-G508,126.7905583,37.55385555999998,0,Gate,RKSS-RP88,126.7907815,37.55403867000003,0,Ramp,Gate
RKSS,RKSS-G509=RP89,RKSS-G509,126.7907111,37.55373610999997,0,Gate,RKSS-RP89,126.7909333,37.55392068000001,0,Ramp,Gate
RKSS,RKSS-G510=RP90,RKSS-G510,126.7908639,37.55361389000001,0,Gate,RKSS-RP90,126.7910831,37.55379951000002,0,Ramp,Gate
RKSS,RKSS-G511=RP91,RKSS-G511,126.7910167,37.55349167000001,0,Gate,RKSS-RP91,126.7912312,37.55367854,0,Ramp,Gate
RKSS,RKSS-G512=RP92,RKSS-G512,126.7911667,37.55337222,0,Gate,RKSS-RP92,126.7913777,37.55355867999999,0,Ramp,Gate
RKSS,RKSS-G513=RP93,RKSS-G513,126.7913194,37.55325556000002,0,Gate,RKSS-RP93,126.7915339,37.55344265999999,0,Ramp,Gate
RKSS,RKSS-G514=RP94,RKSS-G514,126.7914667,37.55313611,0,Gate,RKSS-RP94,126.7916833,37.55332224000001,0,Ramp,Gate
RKSS,RKSS-G515=RP95,RKSS-G515,126.7916,37.55303055999998,0,Gate,RKSS-RP95,126.7918129,37.55321373,0,Ramp,Gate
RKSS,RKSS-G516=RP96,RKSS-G516,126.7917111,37.55294166999998,0,Gate,RKSS-RP96,126.7919261,37.55311983000001,0,Ramp,Gate
RKSS,RKSS-G517=RP97,RKSS-G517,126.791825,37.55285277999998,0,Gate,RKSS-RP97,126.7920298,37.55303502,0,Ramp,Gate
RKSS,RKSS-G518=RP98,RKSS-G518,126.7919361,37.55276388999998,0,Gate,RKSS-RP98,126.7921373,37.55294687000001,0,Ramp,Gate
RKSS,RKSS-G519=RP99,RKSS-G519,126.79205,37.55267499999998,0,Gate,RKSS-RP99,126.7922472,37.55286089999998,0,Ramp,Gate
RKSS,RKSS-G520=RP100,RKSS-G520,126.7921611,37.55258610999998,0,Gate,RKSS-RP100,126.7923603,37.55276781999999,0,Ramp,Gate
RKSS,RKSS-G521=RP101,RKSS-G521,126.7922722,37.55249721999998,0,Gate,RKSS-RP101,126.792483,37.55267870000001,0,Ramp,Gate
RKSS,RKSS-G522=RP102,RKSS-G522,126.7923861,37.55240832999998,0,Gate,RKSS-RP102,126.792597,37.55259236000002,0,Ramp,Gate
RKSS,RKSS-G523=RP103,RKSS-G523,126.7924972,37.55231943999998,0,Gate,RKSS-RP103,126.7927078,37.55250091000001,0,Ramp,Gate
RKSS,RKSS-G524=RP104,RKSS-G524,126.7926111,37.55223055999998,0,Gate,RKSS-RP104,126.7928065,37.55241173999998,0,Ramp,Gate
RKSS,RKSS-G525=RP112,RKSS-G525,126.7913139,37.55180278,0,Gate,RKSS-RP112,126.7914411,37.55192008999999,0,Ramp,Gate
RKSS,RKSS-G526=RP111,RKSS-G526,126.7912028,37.55189167,0,Gate,RKSS-RP111,126.7913425,37.55201046999999,0,Ramp,Gate
RKSS,RKSS-G527=RP113,RKSS-G527,126.7910917,37.55198056,0,Gate,RKSS-RP113,126.7912261,37.55208023000001,0,Ramp,Gate
RKSS,RKSS-G701=RP106,RKSS-G701,126.7922167,37.55108332999998,0,Gate,RKSS-RP106,126.7925322,37.55148381000002,0,Ramp,Gate
RKSS,RKSS-G702=RP107,RKSS-G702,126.791975,37.55127778000001,0,Gate,RKSS-RP107,126.7923659,37.55167231999999,0,Ramp,Gate
RKSS,RKSS-G703=RP108,RKSS-G703,126.7916694,37.55152222,0,Gate,RKSS-RP108,126.7921204,37.55189202999999,0,Ramp,Gate
RKSS,RKSS-G704=RP109,RKSS-G704,126.7914889,37.55166388999997,0,Gate,RKSS-RP109,126.7919583,37.55206126,0,Ramp,Gate
RKSS,RKSS-RP116=RP15,RKSS-RP116,126.8032815856225,37.55574983146196,0,Ramp,RKSS-RP15,126.8035073,37.55549474999999,0,Ramp,Ramp
RKSS,RKSS-RP116=RP16,RKSS-RP116,126.8032815856225,37.55574983146196,0,Ramp,RKSS-RP16,126.8035716,37.55583301000001,0,Ramp,Ramp
RKSS,RKSS-RP116=RP17,RKSS-RP116,126.8032815856225,37.55574983146196,0,Ramp,RKSS-RP17,126.8030364,37.55568299999999,0,Ramp,Ramp
RKSS,RKSS-RP116=RP18,RKSS-RP116,126.8032815856225,37.55574983146196,0,Ramp,RKSS-RP18,126.8031576,37.55604347999999,0,Ramp,Ramp
RKSS,RKSS-RP1=RP114,RKSS-RP1,126.8111844,37.54926498999997,0,Ramp,RKSS-RP114,126.8099556,37.55022221999999,0,Ramp,Ramp
RKSS,RKSS-RP2=RP1,RKSS-RP2,126.8106184,37.54971004999999,0,Ramp,RKSS-RP1,126.8111844,37.54926498999997,0,Ramp,Ramp
RKSS,RKSS-RP2=RP114,RKSS-RP2,126.8106184,37.54971004999999,0,Ramp,RKSS-RP114,126.8099556,37.55022221999999,0,Ramp,Ramp
RKSS,RKSS-RP3=RP4,RKSS-RP3,126.8093596,37.55072571000001,0,Ramp,RKSS-RP4,126.8088093,37.55116381000001,0,Ramp,Ramp
RKSS,RKSS-RP3=RP114,RKSS-RP3,126.8093596,37.55072571000001,0,Ramp,RKSS-RP114,126.8099556,37.55022221999999,0,Ramp,Ramp
RKSS,RKSS-RP4=RP5,RKSS-RP4,126.8088093,37.55116381000001,0,Ramp,RKSS-RP5,126.8082626,37.55159601,0,Ramp,Ramp
RKSS,RKSS-RP5=RP6,RKSS-RP5,126.8082626,37.55159601,0,Ramp,RKSS-RP6,126.8077266,37.55202558000001,0,Ramp,Ramp
RKSS,RKSS-RP6=RP7,RKSS-RP6,126.8077266,37.55202558000001,0,Ramp,RKSS-RP7,126.8072877,37.55238871,0,Ramp,Ramp
RKSS,RKSS-RP7=RP8,RKSS-RP7,126.8072877,37.55238871,0,Ramp,RKSS-RP8,126.80681,37.55279050999999,0,Ramp,Ramp
RKSS,RKSS-RP8=TX7,RKSS-RP8,126.80681,37.55279050999999,0,Ramp,RKSS-TX7,126.8052738,37.55157852999999,0,Taxiway,Ramp
RKSS,RKSS-RP8=RP9,RKSS-RP8,126.80681,37.55279050999999,0,Ramp,RKSS-RP9,126.8061011,37.55335552000001,0,Ramp,Ramp
RKSS,RKSS-RP9=RP10,RKSS-RP9,126.8061011,37.55335552000001,0,Ramp,RKSS-RP10,126.8054239,37.55388463999999,0,Ramp,Ramp
RKSS,RKSS-RP10=RP11,RKSS-RP10,126.8054239,37.55388463999999,0,Ramp,RKSS-RP11,126.804761,37.55443671000003,0,Ramp,Ramp
RKSS,RKSS-RP11=RP12,RKSS-RP11,126.804761,37.55443671000003,0,Ramp,RKSS-RP12,126.8042014,37.55487393999999,0,Ramp,Ramp
RKSS,RKSS-RP12=RP13,RKSS-RP12,126.8042014,37.55487393999999,0,Ramp,RKSS-RP13,126.8040231,37.55502708999999,0,Ramp,Ramp
RKSS,RKSS-RP13=RP14,RKSS-RP13,126.8040231,37.55502708999999,0,Ramp,RKSS-RP14,126.8036873,37.55531582000002,0,Ramp,Ramp
RKSS,RKSS-RP14=RP15,RKSS-RP14,126.8036873,37.55531582000002,0,Ramp,RKSS-RP15,126.8035073,37.55549474999999,0,Ramp,Ramp
RKSS,RKSS-RP15=RP16,RKSS-RP15,126.8035073,37.55549474999999,0,Ramp,RKSS-RP16,126.8035716,37.55583301000001,0,Ramp,Ramp
RKSS,RKSS-RP15=RP17,RKSS-RP15,126.8035073,37.55549474999999,0,Ramp,RKSS-RP17,126.8030364,37.55568299999999,0,Ramp,Ramp
RKSS,RKSS-RP16=RP18,RKSS-RP16,126.8035716,37.55583301000001,0,Ramp,RKSS-RP18,126.8031576,37.55604347999999,0,Ramp,Ramp
RKSS,RKSS-RP17=TX10,RKSS-RP17,126.8030364,37.55568299999999,0,Ramp,RKSS-TX10,126.8014804,37.55455436,0,Taxiway,Ramp
RKSS,RKSS-RP17=RP18,RKSS-RP17,126.8030364,37.55568299999999,0,Ramp,RKSS-RP18,126.8031576,37.55604347999999,0,Ramp,Ramp
RKSS,RKSS-RP18=RP19,RKSS-RP18,126.8031576,37.55604347999999,0,Ramp,RKSS-RP19,126.8028056,37.55646420999999,0,Ramp,Ramp
RKSS,RKSS-RP19=RP20,RKSS-RP19,126.8028056,37.55646420999999,0,Ramp,RKSS-RP20,126.802197,37.55693489999997,0,Ramp,Ramp
RKSS,RKSS-RP20=RP21,RKSS-RP20,126.802197,37.55693489999997,0,Ramp,RKSS-RP21,126.8017092,37.55730591000001,0,Ramp,Ramp
RKSS,RKSS-RP21=RP22,RKSS-RP21,126.8017092,37.55730591000001,0,Ramp,RKSS-RP22,126.8012503,37.55767975999997,0,Ramp,Ramp
RKSS,RKSS-RP22=RP23,RKSS-RP22,126.8012503,37.55767975999997,0,Ramp,RKSS-RP23,126.8010934,37.55779716000001,0,Ramp,Ramp
RKSS,RKSS-RP23=RP24,RKSS-RP23,126.8010934,37.55779716000001,0,Ramp,RKSS-RP24,126.8008325,37.55799552,0,Ramp,Ramp
RKSS,RKSS-RP24=RP25,RKSS-RP24,126.8008325,37.55799552,0,Ramp,RKSS-RP25,126.8005676,37.55821967,0,Ramp,Ramp
RKSS,RKSS-RP25=RP26,RKSS-RP25,126.8005676,37.55821967,0,Ramp,RKSS-RP26,126.8004389,37.55831589,0,Ramp,Ramp
RKSS,RKSS-RP26=RP27,RKSS-RP26,126.8004389,37.55831589,0,Ramp,RKSS-RP27,126.8001507,37.55855567999998,0,Ramp,Ramp
RKSS,RKSS-RP27=RP28,RKSS-RP27,126.8001507,37.55855567999998,0,Ramp,RKSS-RP28,126.800028,37.55867487000001,0,Ramp,Ramp
RKSS,RKSS-RP28=RP29,RKSS-RP28,126.800028,37.55867487000001,0,Ramp,RKSS-RP29,126.7996278,37.55896259999999,0,Ramp,Ramp
RKSS,RKSS-RP29=RP30,RKSS-RP29,126.7996278,37.55896259999999,0,Ramp,RKSS-RP30,126.7993,37.55905011,0,Ramp,Ramp
RKSS,RKSS-RP30=RP31,RKSS-RP30,126.7993,37.55905011,0,Ramp,RKSS-RP31,126.7987771,37.55910864000001,0,Ramp,Ramp
RKSS,RKSS-RP31=RP32,RKSS-RP31,126.7987771,37.55910864000001,0,Ramp,RKSS-RP32,126.7985874,37.55911689999997,0,Ramp,Ramp
RKSS,RKSS-RP32=RP33,RKSS-RP32,126.7985874,37.55911689999997,0,Ramp,RKSS-RP33,126.7982419,37.55916563000001,0,Ramp,Ramp
RKSS,RKSS-RP33=RP34,RKSS-RP33,126.7982419,37.55916563000001,0,Ramp,RKSS-RP34,126.7978394,37.55921439000001,0,Ramp,Ramp
RKSS,RKSS-RP34=RP35,RKSS-RP34,126.7978394,37.55921439000001,0,Ramp,RKSS-RP35,126.7974021,37.55925647999997,0,Ramp,Ramp
RKSS,RKSS-RP34=RP37,RKSS-RP34,126.7978394,37.55921439000001,0,Ramp,RKSS-RP37,126.7971905,37.55880935999998,0,Ramp,Ramp
RKSS,RKSS-RP35=RP36,RKSS-RP35,126.7974021,37.55925647999997,0,Ramp,RKSS-RP36,126.7968676,37.55931727000001,0,Ramp,Ramp
RKSS,RKSS-RP35=RP37,RKSS-RP35,126.7974021,37.55925647999997,0,Ramp,RKSS-RP37,126.7971905,37.55880935999998,0,Ramp,Ramp
RKSS,RKSS-RP36=RP37,RKSS-RP36,126.7968676,37.55931727000001,0,Ramp,RKSS-RP37,126.7971905,37.55880935999998,0,Ramp,Ramp
RKSS,RKSS-RP36=TX23,RKSS-RP36,126.7968676,37.55931727000001,0,Ramp,RKSS-TX23,126.7953599,37.55947653999999,0,Taxiway,Ramp
RKSS,RKSS-RP37=TX21,RKSS-RP37,126.7971905,37.55880935999998,0,Ramp,RKSS-TX21,126.7966969,37.55839934999999,0,Taxiway,Ramp
RKSS,RKSS-RP38=TX26,RKSS-RP38,126.7937863,37.56274794000001,0,Ramp,RKSS-TX26,126.7925479,37.56170362000001,0,Taxiway,Ramp
RKSS,RKSS-RP38=RP39,RKSS-RP38,126.7937863,37.56274794000001,0,Ramp,RKSS-RP39,126.7942522,37.56314387999999,0,Ramp,Ramp
RKSS,RKSS-RP39=RP40,RKSS-RP39,126.7942522,37.56314387999999,0,Ramp,RKSS-RP40,126.7947579,37.56350925999997,0,Ramp,Ramp
RKSS,RKSS-RP40=RP41,RKSS-RP40,126.7947579,37.56350925999997,0,Ramp,RKSS-RP41,126.7961372,37.56463551999999,0,Ramp,Ramp
RKSS,RKSS-RP41=RP42,RKSS-RP41,126.7961372,37.56463551999999,0,Ramp,RKSS-RP42,126.7967017,37.56509153999999,0,Ramp,Ramp
RKSS,RKSS-RP42=RP43,RKSS-RP42,126.7967017,37.56509153999999,0,Ramp,RKSS-RP43,126.7972034,37.56551,0,Ramp,Ramp
RKSS,RKSS-RP43=RP44,RKSS-RP43,126.7972034,37.56551,0,Ramp,RKSS-RP44,126.7978148,37.56596963999998,0,Ramp,Ramp
RKSS,RKSS-RP44=RP45,RKSS-RP44,126.7978148,37.56596963999998,0,Ramp,RKSS-RP45,126.7990304,37.56691978000002,0,Ramp,Ramp
RKSS,RKSS-RP45=RP46,RKSS-RP45,126.7990304,37.56691978000002,0,Ramp,RKSS-RP46,126.7996115,37.5673784,0,Ramp,Ramp
RKSS,RKSS-RP46=RP47,RKSS-RP46,126.7996115,37.5673784,0,Ramp,RKSS-RP47,126.7998184,37.56754261,0,Ramp,Ramp
RKSS,RKSS-RP47=RP48,RKSS-RP47,126.7998184,37.56754261,0,Ramp,RKSS-RP48,126.7999567,37.56764520000002,0,Ramp,Ramp
RKSS,RKSS-RP48=RP49,RKSS-RP48,126.7999567,37.56764520000002,0,Ramp,RKSS-RP49,126.8003258,37.56793881000001,0,Ramp,Ramp
RKSS,RKSS-RP49=RP50,RKSS-RP49,126.8003258,37.56793881000001,0,Ramp,RKSS-RP50,126.8004382,37.56804292000002,0,Ramp,Ramp
RKSS,RKSS-RP50=RP51,RKSS-RP50,126.8004382,37.56804292000002,0,Ramp,RKSS-RP51,126.8006771,37.56822754,0,Ramp,Ramp
RKSS,RKSS-RP51=RP52,RKSS-RP51,126.8006771,37.56822754,0,Ramp,RKSS-RP52,126.8010747,37.56853117000001,0,Ramp,Ramp
RKSS,RKSS-RP52=RP53,RKSS-RP52,126.8010747,37.56853117000001,0,Ramp,RKSS-RP53,126.8014067,37.56876109000002,0,Ramp,Ramp
RKSS,RKSS-RP52=RP64,RKSS-RP52,126.8010747,37.56853117000001,0,Ramp,RKSS-RP64,126.8013198,37.56824045999998,0,Ramp,Ramp
RKSS,RKSS-RP52=RP54,RKSS-RP52,126.8010747,37.56853117000001,0,Ramp,RKSS-RP54,126.8009301,37.56884672999999,0,Ramp,Ramp
RKSS,RKSS-RP53=RP54,RKSS-RP53,126.8014067,37.56876109000002,0,Ramp,RKSS-RP54,126.8009301,37.56884672999999,0,Ramp,Ramp
RKSS,RKSS-RP55=RP54,RKSS-RP55,126.8005369,37.56916123999999,0,Ramp,RKSS-RP54,126.8009301,37.56884672999999,0,Ramp,Ramp
RKSS,RKSS-RP55=RP56,RKSS-RP55,126.8005369,37.56916123999999,0,Ramp,RKSS-RP56,126.8002305555556,37.56941111111112,0,Ramp,Ramp
RKSS,RKSS-RP56=RP115,RKSS-RP56,126.8002305555556,37.56941111111112,0,Ramp,RKSS-RP115,126.7998472,37.56964444,0,Ramp,Ramp
RKSS,RKSS-RP56=RP57,RKSS-RP56,126.8002305555556,37.56941111111112,0,Ramp,RKSS-RP57,126.8002101,37.57005131000001,0,Ramp,Ramp
RKSS,RKSS-RP57=RP115,RKSS-RP57,126.8002101,37.57005131000001,0,Ramp,RKSS-RP115,126.7998472,37.56964444,0,Ramp,Ramp
RKSS,RKSS-RP57=RP58,RKSS-RP57,126.8002101,37.57005131000001,0,Ramp,RKSS-RP58,126.7999583,37.57039365,0,Ramp,Ramp
RKSS,RKSS-RP58=RP59,RKSS-RP58,126.7999583,37.57039365,0,Ramp,RKSS-RP59,126.7996646,37.57066062999999,0,Ramp,Ramp
RKSS,RKSS-RP60=RP115,RKSS-RP60,126.7995305555555,37.56979722222223,0,Ramp,RKSS-RP115,126.7998472,37.56964444,0,Ramp,Ramp
RKSS,RKSS-RP60=RP61,RKSS-RP60,126.7995305555555,37.56979722222223,0,Ramp,RKSS-RP61,126.7995327,37.56939478000001,0,Ramp,Ramp
RKSS,RKSS-RP61=RP115,RKSS-RP61,126.7995327,37.56939478000001,0,Ramp,RKSS-RP115,126.7998472,37.56964444,0,Ramp,Ramp
RKSS,RKSS-RP61=RP62,RKSS-RP61,126.7995327,37.56939478000001,0,Ramp,RKSS-RP62,126.79935,37.56926388888889,0,Ramp,Ramp
RKSS,RKSS-RP62=RP63,RKSS-RP62,126.79935,37.56926388888889,0,Ramp,RKSS-RP63,126.7990209,37.56899966000001,0,Ramp,Ramp
RKSS,RKSS-RP63=RP65,RKSS-RP63,126.7990209,37.56899966000001,0,Ramp,RKSS-RP65,126.7986886,37.56872195000001,0,Ramp,Ramp
RKSS,RKSS-RP65=RP66,RKSS-RP65,126.7986886,37.56872195000001,0,Ramp,RKSS-RP66,126.7984963,37.56856703999999,0,Ramp,Ramp
RKSS,RKSS-RP66=RP67,RKSS-RP66,126.7984963,37.56856703999999,0,Ramp,RKSS-RP67,126.7983286,37.56843196,0,Ramp,Ramp
RKSS,RKSS-RP67=RP68,RKSS-RP67,126.7983286,37.56843196,0,Ramp,RKSS-RP68,126.7976382,37.56792496000002,0,Ramp,Ramp
RKSS,RKSS-RP68=RP69,RKSS-RP68,126.7976382,37.56792496000002,0,Ramp,RKSS-RP69,126.7971019,37.56747647,0,Ramp,Ramp
RKSS,RKSS-RP69=RP70,RKSS-RP69,126.7971019,37.56747647,0,Ramp,RKSS-RP70,126.7967774,37.56720698000001,0,Ramp,Ramp
RKSS,RKSS-RP70=RP71,RKSS-RP70,126.7967774,37.56720698000001,0,Ramp,RKSS-RP71,126.7959844,37.56658909,0,Ramp,Ramp
RKSS,RKSS-RP71=RP72,RKSS-RP71,126.7959844,37.56658909,0,Ramp,RKSS-RP72,126.7956878,37.56637136000001,0,Ramp,Ramp
RKSS,RKSS-RP72=RP73,RKSS-RP72,126.7956878,37.56637136000001,0,Ramp,RKSS-RP73,126.7953805555556,37.566125,0,Ramp,Ramp
RKSS,RKSS-RP73=RP74,RKSS-RP73,126.7953805555556,37.566125,0,Ramp,RKSS-RP74,126.7950141,37.56582836,0,Ramp,Ramp
RKSS,RKSS-RP74=RP75,RKSS-RP74,126.7950141,37.56582836,0,Ramp,RKSS-RP75,126.7947448,37.56560962999998,0,Ramp,Ramp
RKSS,RKSS-RP75=RP76,RKSS-RP75,126.7947448,37.56560962999998,0,Ramp,RKSS-RP76,126.7941379,37.56508738000001,0,Ramp,Ramp
RKSS,RKSS-RP76=RP77,RKSS-RP76,126.7941379,37.56508738000001,0,Ramp,RKSS-RP77,126.7935305,37.56460201999998,0,Ramp,Ramp
RKSS,RKSS-RP77=RP78,RKSS-RP77,126.7935305,37.56460201999998,0,Ramp,RKSS-RP78,126.7929916,37.56418039999998,0,Ramp,Ramp
RKSS,RKSS-RP78=RP79,RKSS-RP78,126.7929916,37.56418039999998,0,Ramp,RKSS-RP79,126.7925179,37.56380641999998,0,Ramp,Ramp
RKSS,RKSS-RP79=TX27,RKSS-RP79,126.7925179,37.56380641999998,0,Ramp,RKSS-TX27,126.7912037,37.56278508,0,Taxiway,Ramp
RKSS,RKSS-RP80=RP81,RKSS-RP80,126.7894227,37.55514007999999,0,Ramp,RKSS-RP81,126.7895553,37.55502337,0,Ramp,Ramp
RKSS,RKSS-RP81=RP82,RKSS-RP81,126.7895553,37.55502337,0,Ramp,RKSS-RP82,126.7896907,37.55490223999998,0,Ramp,Ramp
RKSS,RKSS-RP82=RP83,RKSS-RP82,126.7896907,37.55490223999998,0,Ramp,RKSS-RP83,126.7898141,37.55478424,0,Ramp,Ramp
RKSS,RKSS-RP83=RP84,RKSS-RP83,126.7898141,37.55478424,0,Ramp,RKSS-RP84,126.7900575,37.55459393,0,Ramp,Ramp
RKSS,RKSS-RP84=RWY9,RKSS-RP84,126.7900575,37.55459393,0,Ramp,RKSS-RWY9,126.7914026,37.55563916999999,0,Runway,Taxiway
RKSS,RKSS-RP84=RP85,RKSS-RP84,126.7900575,37.55459393,0,Ramp,RKSS-RP85,126.7903266,37.55440104000003,0,Ramp,Ramp
RKSS,RKSS-RP85=RP86,RKSS-RP85,126.7903266,37.55440104000003,0,Ramp,RKSS-RP86,126.7904817,37.55428274999999,0,Ramp,Ramp
RKSS,RKSS-RP86=RP87,RKSS-RP86,126.7904817,37.55428274999999,0,Ramp,RKSS-RP87,126.7906366,37.554163,0,Ramp,Ramp
RKSS,RKSS-RP87=RP88,RKSS-RP87,126.7906366,37.554163,0,Ramp,RKSS-RP88,126.7907815,37.55403867000003,0,Ramp,Ramp
RKSS,RKSS-RP88=RP89,RKSS-RP88,126.7907815,37.55403867000003,0,Ramp,RKSS-RP89,126.7909333,37.55392068000001,0,Ramp,Ramp
RKSS,RKSS-RP89=RP90,RKSS-RP89,126.7909333,37.55392068000001,0,Ramp,RKSS-RP90,126.7910831,37.55379951000002,0,Ramp,Ramp
RKSS,RKSS-RP90=RP91,RKSS-RP90,126.7910831,37.55379951000002,0,Ramp,RKSS-RP91,126.7912312,37.55367854,0,Ramp,Ramp
RKSS,RKSS-RP91=RP92,RKSS-RP91,126.7912312,37.55367854,0,Ramp,RKSS-RP92,126.7913777,37.55355867999999,0,Ramp,Ramp
RKSS,RKSS-RP92=RP93,RKSS-RP92,126.7913777,37.55355867999999,0,Ramp,RKSS-RP93,126.7915339,37.55344265999999,0,Ramp,Ramp
RKSS,RKSS-RP93=RP94,RKSS-RP93,126.7915339,37.55344265999999,0,Ramp,RKSS-RP94,126.7916833,37.55332224000001,0,Ramp,Ramp
RKSS,RKSS-RP94=RP95,RKSS-RP94,126.7916833,37.55332224000001,0,Ramp,RKSS-RP95,126.7918129,37.55321373,0,Ramp,Ramp
RKSS,RKSS-RP95=RP96,RKSS-RP95,126.7918129,37.55321373,0,Ramp,RKSS-RP96,126.7919261,37.55311983000001,0,Ramp,Ramp
RKSS,RKSS-RP96=RP97,RKSS-RP96,126.7919261,37.55311983000001,0,Ramp,RKSS-RP97,126.7920298,37.55303502,0,Ramp,Ramp
RKSS,RKSS-RP97=RP98,RKSS-RP97,126.7920298,37.55303502,0,Ramp,RKSS-RP98,126.7921373,37.55294687000001,0,Ramp,Ramp
RKSS,RKSS-RP98=RP99,RKSS-RP98,126.7921373,37.55294687000001,0,Ramp,RKSS-RP99,126.7922472,37.55286089999998,0,Ramp,Ramp
RKSS,RKSS-RP99=RP100,RKSS-RP99,126.7922472,37.55286089999998,0,Ramp,RKSS-RP100,126.7923603,37.55276781999999,0,Ramp,Ramp
RKSS,RKSS-RP100=RP101,RKSS-RP100,126.7923603,37.55276781999999,0,Ramp,RKSS-RP101,126.792483,37.55267870000001,0,Ramp,Ramp
RKSS,RKSS-RP101=RP102,RKSS-RP101,126.792483,37.55267870000001,0,Ramp,RKSS-RP102,126.792597,37.55259236000002,0,Ramp,Ramp
RKSS,RKSS-RP102=RP103,RKSS-RP102,126.792597,37.55259236000002,0,Ramp,RKSS-RP103,126.7927078,37.55250091000001,0,Ramp,Ramp
RKSS,RKSS-RP103=RP104,RKSS-RP103,126.7927078,37.55250091000001,0,Ramp,RKSS-RP104,126.7928065,37.55241173999998,0,Ramp,Ramp
RKSS,RKSS-RP104=RP105,RKSS-RP104,126.7928065,37.55241173999998,0,Ramp,RKSS-RP105,126.7933067,37.55208494,0,Ramp,Ramp
RKSS,RKSS-RP105=RWY7,RKSS-RP105,126.7933067,37.55208494,0,Ramp,RKSS-RWY7,126.7946138,37.55308760999999,0,Runway,Taxiway
RKSS,RKSS-RP105=RP106,RKSS-RP105,126.7933067,37.55208494,0,Ramp,RKSS-RP106,126.7925322,37.55148381000002,0,Ramp,Ramp
RKSS,RKSS-RP107=RP106,RKSS-RP107,126.7923659,37.55167231999999,0,Ramp,RKSS-RP106,126.7925322,37.55148381000002,0,Ramp,Ramp
RKSS,RKSS-RP107=RP108,RKSS-RP107,126.7923659,37.55167231999999,0,Ramp,RKSS-RP108,126.7921204,37.55189202999999,0,Ramp,Ramp
RKSS,RKSS-RP108=RP109,RKSS-RP108,126.7921204,37.55189202999999,0,Ramp,RKSS-RP109,126.7919583,37.55206126,0,Ramp,Ramp
RKSS,RKSS-RP109=RP110,RKSS-RP109,126.7919583,37.55206126,0,Ramp,RKSS-RP110,126.791687,37.55227458000002,0,Ramp,Ramp
RKSS,RKSS-RP110=RP111,RKSS-RP110,126.791687,37.55227458000002,0,Ramp,RKSS-RP111,126.7913425,37.55201046999999,0,Ramp,Ramp
RKSS,RKSS-RP111=RP112,RKSS-RP111,126.7913425,37.55201046999999,0,Ramp,RKSS-RP112,126.7914411,37.55192008999999,0,Ramp,Ramp
RKSS,RKSS-RP111=RP113,RKSS-RP111,126.7913425,37.55201046999999,0,Ramp,RKSS-RP113,126.7912261,37.55208023000001,0,Ramp,Ramp
RKSS,RKSS-RP114=TX1,RKSS-RP114,126.8099556,37.55022221999999,0,Ramp,RKSS-TX1,126.8084266497681,37.54904538859562,0,Taxiway,Ramp
RKSS,RKSS-TX1=TX2,RKSS-TX1,126.8084266497681,37.54904538859562,0,Taxiway,RKSS-TX2,126.8078261,37.54951542999999,0,Taxiway,Taxiway
RKSS,RKSS-TX1=32R,RKSS-TX1,126.8084266497681,37.54904538859562,0,Taxiway,RKSS-32R,126.8072222,37.54777777999998,0,Runway,Taxiway
RKSS,RKSS-TX2=TX3,RKSS-TX2,126.8078261,37.54951542999999,0,Taxiway,RKSS-TX3,126.8073072,37.54992587000002,0,Taxiway,Taxiway
RKSS,RKSS-TX3=TX4,RKSS-TX3,126.8073072,37.54992587000002,0,Taxiway,RKSS-TX4,126.8067741,37.55036796000002,0,Taxiway,Taxiway
RKSS,RKSS-TX4=TX5,RKSS-TX4,126.8067741,37.55036796000002,0,Taxiway,RKSS-TX5,126.8061876,37.55083047,0,Taxiway,Taxiway
RKSS,RKSS-TX5=TX6,RKSS-TX5,126.8061876,37.55083047,0,Taxiway,RKSS-TX6,126.8057793,37.55115979999999,0,Taxiway,Taxiway
RKSS,RKSS-TX6=TX7,RKSS-TX6,126.8057793,37.55115979999999,0,Taxiway,RKSS-TX7,126.8052738,37.55157852999999,0,Taxiway,Taxiway
RKSS,RKSS-TX7=TX8,RKSS-TX7,126.8052738,37.55157852999999,0,Taxiway,RKSS-TX8,126.802669,37.55367308999999,0,Taxiway,Taxiway
RKSS,RKSS-TX7=RWY6,RKSS-TX7,126.8052738,37.55157852999999,0,Taxiway,RKSS-RWY6,126.8037831,37.55040793000001,0,Runway,Taxiway
RKSS,RKSS-TX8=G131,RKSS-TX8,126.802669,37.55367308999999,0,Taxiway,RKSS-G131,126.8033361,37.55416388999999,0,Gate,Gate
RKSS,RKSS-TX8=TX9,RKSS-TX8,126.802669,37.55367308999999,0,Taxiway,RKSS-TX9,126.8020842,37.55407864000001,0,Taxiway,Taxiway
RKSS,RKSS-TX8=TX39,RKSS-TX8,126.802669,37.55367308999999,0,Taxiway,RKSS-TX39,126.800562,37.55431396000002,0,Taxiway,Taxiway
RKSS,RKSS-TX9=TX10,RKSS-TX9,126.8020842,37.55407864000001,0,Taxiway,RKSS-TX10,126.8014804,37.55455436,0,Taxiway,Taxiway
RKSS,RKSS-TX10=TX39,RKSS-TX10,126.8014804,37.55455436,0,Taxiway,RKSS-TX39,126.800562,37.55431396000002,0,Taxiway,Taxiway
RKSS,RKSS-TX10=TX11,RKSS-TX10,126.8014804,37.55455436,0,Taxiway,RKSS-TX11,126.8009001,37.55503142999999,0,Taxiway,Taxiway
RKSS,RKSS-TX11=TX12,RKSS-TX11,126.8009001,37.55503142999999,0,Taxiway,RKSS-TX12,126.8003121,37.55548720000001,0,Taxiway,Taxiway
RKSS,RKSS-TX12=TX13,RKSS-TX12,126.8003121,37.55548720000001,0,Taxiway,RKSS-TX13,126.7998793,37.55586500999998,0,Taxiway,Taxiway
RKSS,RKSS-TX13=TX14,RKSS-TX13,126.7998793,37.55586500999998,0,Taxiway,RKSS-TX14,126.7994255,37.55624130000002,0,Taxiway,Taxiway
RKSS,RKSS-TX14=TX15,RKSS-TX14,126.7994255,37.55624130000002,0,Taxiway,RKSS-TX15,126.7990147,37.55655565000001,0,Taxiway,Taxiway
RKSS,RKSS-TX15=TX16,RKSS-TX15,126.7990147,37.55655565000001,0,Taxiway,RKSS-TX16,126.7986283,37.55687609000002,0,Taxiway,Taxiway
RKSS,RKSS-TX16=TX17,RKSS-TX16,126.7986283,37.55687609000002,0,Taxiway,RKSS-TX17,126.7982818,37.5571266,0,Taxiway,Taxiway
RKSS,RKSS-TX17=TX18,RKSS-TX17,126.7982818,37.5571266,0,Taxiway,RKSS-TX18,126.7978558,37.55747220000002,0,Taxiway,Taxiway
RKSS,RKSS-TX18=TX19,RKSS-TX18,126.7978558,37.55747220000002,0,Taxiway,RKSS-TX19,126.7975192,37.55774522999999,0,Taxiway,Taxiway
RKSS,RKSS-TX19=TX20,RKSS-TX19,126.7975192,37.55774522999999,0,Taxiway,RKSS-TX20,126.7971772,37.55800421999999,0,Taxiway,Taxiway
RKSS,RKSS-TX20=TX21,RKSS-TX20,126.7971772,37.55800421999999,0,Taxiway,RKSS-TX21,126.7966969,37.55839934999999,0,Taxiway,Taxiway
RKSS,RKSS-TX20=TX38,RKSS-TX20,126.7971772,37.55800421999999,0,Taxiway,RKSS-TX38,126.7963009,37.55765645,0,Taxiway,Taxiway
RKSS,RKSS-TX21=TX38,RKSS-TX21,126.7966969,37.55839934999999,0,Taxiway,RKSS-TX38,126.7963009,37.55765645,0,Taxiway,Taxiway
RKSS,RKSS-TX21=TX22,RKSS-TX21,126.7966969,37.55839934999999,0,Taxiway,RKSS-TX22,126.7957905,37.55911944999998,0,Taxiway,Taxiway
RKSS,RKSS-TX22=TX38,RKSS-TX22,126.7957905,37.55911944999998,0,Taxiway,RKSS-TX38,126.7963009,37.55765645,0,Taxiway,Taxiway
RKSS,RKSS-TX22=TX23,RKSS-TX22,126.7957905,37.55911944999998,0,Taxiway,RKSS-TX23,126.7953599,37.55947653999999,0,Taxiway,Taxiway
RKSS,RKSS-TX22=TX37,RKSS-TX22,126.7957905,37.55911944999998,0,Taxiway,RKSS-TX37,126.793787,37.55957723000001,0,Taxiway,Taxiway
RKSS,RKSS-TX23=TX24,RKSS-TX23,126.7953599,37.55947653999999,0,Taxiway,RKSS-TX24,126.7949566,37.55978257999998,0,Taxiway,Taxiway
RKSS,RKSS-TX23=TX37,RKSS-TX23,126.7953599,37.55947653999999,0,Taxiway,RKSS-TX37,126.793787,37.55957723000001,0,Taxiway,Taxiway
RKSS,RKSS-TX24=TX25,RKSS-TX24,126.7949566,37.55978257999998,0,Taxiway,RKSS-TX25,126.7942888,37.56029038999998,0,Taxiway,Taxiway
RKSS,RKSS-TX24=TX37,RKSS-TX24,126.7949566,37.55978257999998,0,Taxiway,RKSS-TX37,126.793787,37.55957723000001,0,Taxiway,Taxiway
RKSS,RKSS-TX25=TX26,RKSS-TX25,126.7942888,37.56029038999998,0,Taxiway,RKSS-TX26,126.7925479,37.56170362000001,0,Taxiway,Taxiway
RKSS,RKSS-TX26=TX27,RKSS-TX26,126.7925479,37.56170362000001,0,Taxiway,RKSS-TX27,126.7912037,37.56278508,0,Taxiway,Taxiway
RKSS,RKSS-TX27=TX28,RKSS-TX27,126.7912037,37.56278508,0,Taxiway,RKSS-TX28,126.7905518,37.56325408,0,Taxiway,Taxiway
RKSS,RKSS-TX28=TX36,RKSS-TX28,126.7905518,37.56325408,0,Taxiway,RKSS-TX36,126.7896961,37.56301925,0,Taxiway,Taxiway
RKSS,RKSS-TX28=TX29,RKSS-TX28,126.7905518,37.56325408,0,Taxiway,RKSS-TX29,126.7890066,37.5645414,0,Taxiway,Taxiway
RKSS,RKSS-TX29=TX36,RKSS-TX29,126.7890066,37.5645414,0,Taxiway,RKSS-TX36,126.7896961,37.56301925,0,Taxiway,Taxiway
RKSS,RKSS-TX29=TX30,RKSS-TX29,126.7890066,37.5645414,0,Taxiway,RKSS-TX30,126.7860568,37.56687116,0,Taxiway,Taxiway
RKSS,RKSS-TX30=TX31,RKSS-TX30,126.7860568,37.56687116,0,Taxiway,RKSS-TX31,126.7831216,37.56919682000002,0,Taxiway,Taxiway
RKSS,RKSS-TX30=RWY3,RKSS-TX30,126.7860568,37.56687116,0,Taxiway,RKSS-RWY3,126.7845554,37.56569812000002,0,Runway,Taxiway
RKSS,RKSS-TX31=RWY2,RKSS-TX31,126.7831216,37.56919682000002,0,Taxiway,RKSS-RWY2,126.7816736,37.56806245000001,0,Runway,Taxiway
RKSS,RKSS-TX31=TX32,RKSS-TX31,126.7831216,37.56919682000002,0,Taxiway,RKSS-TX32,126.7799005,37.57177308000003,0,Taxiway,Taxiway
RKSS,RKSS-TX32=TX33,RKSS-TX32,126.7799005,37.57177308000003,0,Taxiway,RKSS-TX33,126.7792944,37.57223531999998,0,Taxiway,Taxiway
RKSS,RKSS-TX32=14L,RKSS-TX32,126.7799005,37.57177308000003,0,Taxiway,RKSS-14L,126.7784606,37.57057284,0,Runway,Taxiway
RKSS,RKSS-TX33=TX34,RKSS-TX33,126.7792944,37.57223531999998,0,Taxiway,RKSS-TX34,126.7785364,37.57167444000002,0,Taxiway,Taxiway
RKSS,RKSS-TX34=14L,RKSS-TX34,126.7785364,37.57167444000002,0,Taxiway,RKSS-14L,126.7784606,37.57057284,0,Runway,Taxiway
RKSS,RKSS-TX35=14L,RKSS-TX35,126.7772568,37.56968094999998,0,Taxiway,RKSS-14L,126.7784606,37.57057284,0,Runway,Taxiway
RKSS,RKSS-TX35=RWY1,RKSS-TX35,126.7772568,37.56968094999998,0,Taxiway,RKSS-RWY1,126.7803683,37.56902662,0,Runway,Taxiway
RKSS,RKSS-TX35=14R,RKSS-TX35,126.7772568,37.56968094999998,0,Taxiway,RKSS-14R,126.7756685,37.56827090999999,0,Runway,Taxiway
RKSS,RKSS-TX36=RWY4,RKSS-TX36,126.7896961,37.56301925,0,Taxiway,RKSS-RWY4,126.7910478,37.56055222999998,0,Runway,Taxiway
RKSS,RKSS-TX37=TX25,RKSS-TX37,126.793787,37.55957723000001,0,Taxiway,RKSS-TX25,126.7942888,37.56029038999998,0,Taxiway,Taxiway
RKSS,RKSS-TX37=RWY4,RKSS-TX37,126.793787,37.55957723000001,0,Taxiway,RKSS-RWY4,126.7910478,37.56055222999998,0,Runway,Taxiway
RKSS,RKSS-TX38=RWY5,RKSS-TX38,126.7963009,37.55765645,0,Taxiway,RKSS-RWY5,126.7976359,37.55529086000004,0,Runway,Taxiway
RKSS,RKSS-TX39=TX11,RKSS-TX39,126.800562,37.55431396000002,0,Taxiway,RKSS-TX11,126.8009001,37.55503142999999,0,Taxiway,Taxiway
RKSS,RKSS-TX39=RWY5,RKSS-TX39,126.800562,37.55431396000002,0,Taxiway,RKSS-RWY5,126.7976359,37.55529086000004,0,Runway,Taxiway
RKSS,RKSS-14L=RWY1,RKSS-14L,126.7784606,37.57057284,0,Runway,RKSS-RWY1,126.7803683,37.56902662,0,Runway,Runway
RKSS,RKSS-RWY1=RWY2,RKSS-RWY1,126.7803683,37.56902662,0,Runway,RKSS-RWY2,126.7816736,37.56806245000001,0,Runway,Runway
RKSS,RKSS-RWY2=RWY3,RKSS-RWY2,126.7816736,37.56806245000001,0,Runway,RKSS-RWY3,126.7845554,37.56569812000002,0,Runway,Runway
RKSS,RKSS-RWY3=RWY4,RKSS-RWY3,126.7845554,37.56569812000002,0,Runway,RKSS-RWY4,126.7910478,37.56055222999998,0,Runway,Runway
RKSS,RKSS-RWY3=RWY11,RKSS-RWY3,126.7845554,37.56569812000002,0,Runway,RKSS-RWY11,126.7842859,37.56137759000001,0,Runway,Taxiway
RKSS,RKSS-RWY4=RWY5,RKSS-RWY4,126.7910478,37.56055222999998,0,Runway,RKSS-RWY5,126.7976359,37.55529086000004,0,Runway,Runway
RKSS,RKSS-RWY4=RWY10,RKSS-RWY4,126.7910478,37.56055222999998,0,Runway,RKSS-RWY10,126.78819,37.55827828000001,0,Runway,Taxiway
RKSS,RKSS-RWY5=RWY6,RKSS-RWY5,126.7976359,37.55529086000004,0,Runway,RKSS-RWY6,126.8037831,37.55040793000001,0,Runway,Runway
RKSS,RKSS-RWY5=RWY8,RKSS-RWY5,126.7976359,37.55529086000004,0,Runway,RKSS-RWY8,126.7925179,37.55479793000001,0,Runway,Taxiway
RKSS,RKSS-RWY6=32R,RKSS-RWY6,126.8037831,37.55040793000001,0,Runway,RKSS-32R,126.8072222,37.54777777999998,0,Runway,Runway
RKSS,RKSS-14R=RWY11,RKSS-14R,126.7756685,37.56827090999999,0,Runway,RKSS-RWY11,126.7842859,37.56137759000001,0,Runway,Runway
RKSS,RKSS-RWY7=RWY8,RKSS-RWY7,126.7946138,37.55308760999999,0,Runway,RKSS-RWY8,126.7925179,37.55479793000001,0,Runway,Runway
RKSS,RKSS-RWY7=32L,RKSS-RWY7,126.7946138,37.55308760999999,0,Runway,RKSS-32L,126.8011111,37.54805555999998,0,Runway,Runway
RKSS,RKSS-RWY8=RWY9,RKSS-RWY8,126.7925179,37.55479793000001,0,Runway,RKSS-RWY9,126.7914026,37.55563916999999,0,Runway,Runway
RKSS,RKSS-RWY9=RWY10,RKSS-RWY9,126.7914026,37.55563916999999,0,Runway,RKSS-RWY10,126.78819,37.55827828000001,0,Runway,Runway
RKSS,RKSS-RWY10=RWY11,RKSS-RWY10,126.78819,37.55827828000001,0,Runway,RKSS-RWY11,126.7842859,37.56137759000001,0,Runway,Runway
RKSS,RKSS-32L=RWY6,RKSS-32L,126.8011111,37.54805555999998,0,Runway,RKSS-RWY6,126.8037831,37.55040793000001,0,Runway,Taxiway
